片名,年代,产地,类别,豆瓣评分,迅雷下载链接
"So Long, My Son",2019,中国,剧情/家庭,8.0,ftp://ygdy8:ygdy8@yg45.dydytt.net:4134/阳光电影www.ygdy8.com.地久天长.HD.720p.国语中字.mkv
朽木 ,2019,美国,西部/动作,6.6,ftp://ygdy8:ygdy8@yg45.dydytt.net:4133/阳光电影www.ygdy8.com.朽木电影版.BD.720p.英语中字.mkv
俘虏国度 ,2019,美国,科幻/惊悚/悬疑,0,ftp://ygdy8:ygdy8@yg45.dydytt.net:8452/阳光电影www.ygdy8.com.俘虏国度.BD.720p.中英双字幕.mkv
只有爱能让我生存 ,2018,日本,爱情/文艺/剧情,7.4,ftp://ygdy8:ygdy8@yg45.dydytt.net:7452/阳光电影www.ygdy8.com.只有爱能让我生存.BD.720p.日语中字.mkv
第一个国王,2019,意大利/比利时,历史/战争/古装,0,ftp://ygdy8:ygdy8@yg90.dydytt.net:8545/阳光电影www.ygdy8.com.第一个国王.BD.720p.中英双字幕.mkv
摇摆狂潮,2018,韩国,剧情/歌舞/战争,8.2,ftp://ygdy8:ygdy8@yg90.dydytt.net:8544/阳光电影www.ygdy8.com.摇摆狂潮.BD.720p.韩语中字.mkv
娑婆诃,2019,韩国,剧情/悬疑/惊悚/恐怖,7.1,ftp://ygdy8:ygdy8@yg90.dydytt.net:8543/阳光电影www.ygdy8.com.娑婆诃.BD.720p.韩语中字.mkv
Peppa Celebrates Chinese New Year,2019,中国/英国,动画/歌舞/家庭/儿童,4.0,ftp://ygdy8:ygdy8@yg45.dydytt.net:8450/阳光电影www.ygdy8.com.小猪佩奇过大年.HD.720p.国粤双语中字.mkv
惊奇队长,2019,美国,动作/科幻/冒险,7.0,ftp://ygdy8:ygdy8@yg45.dydytt.net:8449/阳光电影www.ygdy8.com.惊奇队长.BD.720p.中英双字幕.mkv
致命之旅,2019,韩国,惊悚/恐怖,5.4,ftp://ygdy8:ygdy8@yg45.dydytt.net:7449/阳光电影www.ygdy8.com.致命之旅.BD.720p.韩语中字.mkv
干预,2019,法国/比利时,剧情/动作/战争,0,ftp://ygdy8:ygdy8@yg72.dydytt.net:8365/阳光电影www.ygdy8.com.干预.BD.720p.法语中字.mkv
阳光姐妹淘,2018,日本,剧情 / 喜剧 / 歌舞,8.6,ftp://ygdy8:ygdy8@yg90.dydytt.net:8541/阳光电影www.ygdy8.com.阳光姐妹淘.BD.720p.日语中字.mkv
完美琴仇,2018,美国,剧情/惊悚/恐怖,6.4,ftp://ygdy8:ygdy8@yg45.dydytt.net:8447/阳光电影www.ygdy8.com.完美琴仇.BD.720p.中英双字幕.mkv
沉睡的人鱼之家 ,2018,日本,剧情,6.9,ftp://ygdy8:ygdy8@yg45.dydytt.net:7447/阳光电影www.ygdy8.com.沉睡的人鱼之家.BD.720p.日语中字.mkv
P Storm,2019,中国香港/中国,动作/犯罪/悬疑,6.3,ftp://ygdy8:ygdy8@yg45.dydytt.net:8446/阳光电影www.ygdy8.com.反贪风暴4.HD.1080p.国粤双语中字.mkv
调音师 ,2018,印度,喜剧 / 悬疑 / 惊悚 / 犯罪,8.3,ftp://ygdy8:ygdy8@yg45.dydytt.net:7446/阳光电影www.ygdy8.com.调音师.BD.720p.国印双语中字.mkv
我们,2019,美国,惊悚/恐怖,7.1,ftp://ygdy8:ygdy8@yg45.dydytt.net:7445/阳光电影www.ygdy8.com.我们.BD.720p.中英双字幕.mkv
环球卫士 ,2019,美国,科幻/冒险,6.4,ftp://ygdy8:ygdy8@yg45.dydytt.net:8445/阳光电影www.ygdy8.com.环球卫士.BD.720p.中英双字幕.mkv
鳄口逃生,2018,泰国,动作 / 惊悚,5.0,ftp://ygdy8:ygdy8@yg90.dydytt.net:8540/阳光电影www.ygdy8.com.鳄口逃生.BD.720p.泰语中字.mkv
The Game of Desire,2019,中国,科幻 / 悬疑 / 犯罪,3.0,ftp://ygdy8:ygdy8@yg90.dydytt.net:8539/阳光电影www.ygdy8.com.欲念游戏.HD.720p.国语中字.mkv
兰开斯特的天空,2019,英国,剧情 / 动作 / 历史 / 战争,0,ftp://ygdy8:ygdy8@yg45.dydytt.net:8444/阳光电影www.ygdy8.com.兰开斯特的天空.BD.720p.中英双字幕.mkv
Jinpa,2018,中国,剧情,7.4,ftp://ygdy8:ygdy8@yg45.dydytt.net:7444/阳光电影www.ygdy8.com.撞死了一只羊.HD.720p.国语中字.mkv
Lost in love,2019,中国,剧情/爱情,4.8,ftp://ygdy8:ygdy8@yg45.dydytt.net:6164/阳光电影www.ygdy8.com.如影随心.HD.720p.国语中字.mkv
阿波罗11号 ,2019,美国,纪录片,8.8,ftp://ygdy8:ygdy8@yg45.dydytt.net:3213/阳光电影www.ygdy8.com.阿波罗11号.BD.720p.中英双字幕.mkv
亿男,2018,日本,剧情/喜剧,6.3,ftp://ygdy8:ygdy8@yg90.dydytt.net:8538/阳光电影www.ygdy8.com.亿男.BD.720p.日语中字.mkv
坤蒂拉娜 ,2018,印度尼西亚,恐怖/惊悚,4.6,ftp://ygdy8:ygdy8@yg72.dydytt.net:8363/阳光电影www.ygdy8.com.坤蒂拉娜.BD.720p.中英双字幕.mkv
The Sexy Guys,2019,中国香港,喜剧/爱情,2.5,ftp://ygdy8:ygdy8@yg45.dydytt.net:6163/阳光电影www.ygdy8.com.最佳男友进化论.HD.720p.国语中字.mkv
心仇 ,2018,菲律宾,动作 / 惊悚 / 犯罪,4.6,ftp://ygdy8:ygdy8@yg90.dydytt.net:8537/阳光电影www.ygdy8.com.心仇.BD.720p.英语中字.mkv
候鸟,2018,哥伦比亚/丹麦/墨西哥/德国/瑞士,剧情/惊悚,7.0,ftp://ygdy8:ygdy8@yg90.dydytt.net:8536/阳光电影www.ygdy8.com.候鸟.BD.720p.中英双字幕.mkv
回火2,2019,美国,剧情 / 动作 / 犯罪,0,ftp://ygdy8:ygdy8@yg72.dydytt.net:8362/阳光电影www.ygdy8.com.回火2.BD.720p.中英双字幕.mkv
教授 ,2018,美国,剧情 / 喜剧,0,ftp://ygdy8:ygdy8@yg45.dydytt.net:8442/阳光电影www.ygdy8.com.教授.BD.720p.中英双字幕.mkv
遗孀秘闻 ,2018,爱尔兰 / 美国,剧情 / 悬疑,6.2,ftp://ygdy8:ygdy8@yg45.dydytt.net:7442/阳光电影www.ygdy8.com.遗孀秘闻.BD.720p.中英双字幕.mkv
开战,2018,法国,剧情,7.9,ftp://ygdy8:ygdy8@yg45.dydytt.net:8438/阳光电影www.ygdy8.com.开战.BD.720p.法语中字.mkv
More Than Blue,2018,中国台湾,爱情,4.8,ftp://ygdy8:ygdy8@yg45.dydytt.net:4132/阳光电影www.ygdy8.com.比悲伤更悲伤的故事.HD.720p.国语中字.mkv
绿皮书,2018,美国,剧情/喜剧/传记,8.9,ftp://ygdy8:ygdy8@yg90.dydytt.net:8533/阳光电影www.ygdy8.com.绿皮书.BD.720p.国英双语双字.mkv
钢铁苍穹2：即临种族,2019,芬兰/德国,喜剧/动作/科幻,6.4,ftp://ygdy8:ygdy8@yg45.dydytt.net:3212/阳光电影www.ygdy8.com.钢铁苍穹2：即临种族.BD.720p.中英双字幕.mkv
超能泰坦,2018,美国/英国,科幻/惊悚,4.5,ftp://ygdy8:ygdy8@yg90.dydytt.net:8532/阳光电影www.ygdy8.com.超能泰坦.BD.720p.国英双语双字.mkv
Fall in Love at First Kiss,2019,中国,喜剧/爱情,4.9,ftp://ygdy8:ygdy8@yg45.dydytt.net:6162/阳光电影www.ygdy8.com.一吻定情.BD.720p.国语中字.mkv
虽然只是弄丢了手机 ,2018,日本,剧情 / 悬疑 / 惊悚,5.7,ftp://ygdy8:ygdy8@yg90.dydytt.net:8529/阳光电影www.ygdy8.com.虽然只是弄丢了手机.BD.720p.日语中字.mkv
彼布利亚古书堂事件手帖,2018,日本,悬疑,6.3,ftp://ygdy8:ygdy8@yg45.dydytt.net:3210/阳光电影www.ygdy8.com.彼布利亚古书堂事件手帖.BD.720p.日语中字.mkv
为家而战,2019,英国/美国,剧情/喜剧/传记/运动,6.7,ftp://ygdy8:ygdy8@yg45.dydytt.net:7437/阳光电影www.ygdy8.com.为家而战.BD.720p.中英双字幕.mkv
一次聚会,2018,德国,喜剧,7.5,ftp://ygdy8:ygdy8@yg45.dydytt.net:8437/阳光电影www.ygdy8.com.一次聚会.BD.720p.德语中字.mkv
我唾弃你的坟墓：似曾相识 ,2019,美国,惊悚 / 恐怖,4.3,ftp://ygdy8:ygdy8@yg45.dydytt.net:4129/阳光电影www.ygdy8.com.我唾弃你的坟墓：似曾相识.BD.720p.中英双字幕.mkv
冷血追击,2019,英国/挪威/加拿大/美国,剧情/动作/惊悚,6.8,ftp://ygdy8:ygdy8@yg45.dydytt.net:3208/阳光电影www.ygdy8.com.冷血追击.BD.720p.中英双字幕.mkv
毒战,2013,中国/香港,剧情/动作/犯罪,7.3,ftp://dygod1:dygod1@d139.dygod.org:9015/[电影天堂www.dy2018.net].毒战.BD.720p.国粤双语中字.mkv
Song of Youth,2019,中国,剧情,6.9,ftp://ygdy8:ygdy8@yg45.dydytt.net:8435/阳光电影www.ygdy8.com.老师・好.HD.720p.国语中字.mkv
The Leaker,2018,中国香港,剧情/犯罪/惊悚,5.6,ftp://ygdy8:ygdy8@yg90.dydytt.net:8521/阳光电影www.ygdy8.com.泄密者.BD.720p.国粤双语中字.mkv
教授与疯子,2019,爱尔兰,剧情/悬疑/惊悚/传记,7.6,ftp://ygdy8:ygdy8@yg45.dydytt.net:8432/阳光电影www.ygdy8.com.教授与疯子.HD.720p.英语中字.mkv
忌日快乐2,2019,美国,悬疑/惊悚/恐怖,7.1,ftp://ygdy8:ygdy8@yg45.dydytt.net:7432/阳光电影www.ygdy8.com.忌日快乐2.BD.720p.中英双字幕.mkv
乐高大电影2,2019,美国/澳大利亚/挪威/丹麦,喜剧/动画/歌舞/冒险,6.8,ftp://ygdy8:ygdy8@yg90.dydytt.net:8520/阳光电影www.ygdy8.com.乐高大电影2.BD.720p.中英双字幕.mkv
The Wandering Earth,2019,中国,科幻/灾难,8.0,ftp://ygdy8:ygdy8@yg45.dydytt.net:3207/阳光电影www.ygdy8.com.流浪地球.HD.1080p.国语中英双字.mp4
乐高大电影2,2019,美国/澳大利亚/挪威/丹麦,喜剧/动画/歌舞/冒险,6.8,ftp://ygdy8:ygdy8@yg45.dydytt.net:3205/阳光电影www.ygdy8.com.乐高大电影2.BD.720p.英语中字.mkv
北极,2019,冰岛,冒险/剧情,6.8,ftp://ygdy8:ygdy8@yg90.dydytt.net:8517/阳光电影www.ygdy8.com.北极.BD.720p.中英双字幕.mkv
太空生活 ,2018,德国 / 法国 / 英国 / 波兰 / 美国,剧情 / 科幻,6.6,ftp://ygdy8:ygdy8@yg45.dydytt.net:5051/阳光电影www.ygdy8.com.太空生活.BD.720p.英语中字.mkv
Integrity,2019,中国香港/中国,剧情/悬疑/犯罪,5.5,ftp://ygdy8:ygdy8@yg45.dydytt.net:3204/阳光电影www.ygdy8.com.廉政风云.BD.720p.国粤双语中字.mkv
D计划,2019,中国/中国香港,剧情/喜剧,5.8,ftp://ygdy8:ygdy8@yg90.dydytt.net:8514/阳光电影www.ygdy8.com.新喜剧之王.BD.720p.国粤双语中字.mkv
On the Balcony,2019,中国,剧情,6.1,ftp://ygdy8:ygdy8@yg45.dydytt.net:8428/阳光电影www.ygdy8.com.阳台上.HD.1080p.国语中英双字.mp4
Cloud in the Wind,2019,中国,剧情/悬疑/犯罪,7.6,ftp://ygdy8:ygdy8@yg45.dydytt.net:3203/阳光电影www.ygdy8.com.风中有朵雨做的云.HD.1080p.国语中英双字.mp4
The Crossing ,2018,中国,剧情,7.9,ftp://ygdy8:ygdy8@yg45.dydytt.net:8427/阳光电影www.ygdy8.com.过春天.HD.1080p.国语中英双字.mp4
盗梦特攻队,2018,匈牙利,剧情/动画,8.9,ftp://ygdy8:ygdy8@yg45.dydytt.net:6161/阳光电影www.ygdy8.com.盗梦特攻队.BD.720p.中英双字幕.mkv
触不可及(美版),2019,美国,剧情/喜剧,8.7,ftp://ygdy8:ygdy8@yg45.dydytt.net:3202/阳光电影www.ygdy8.com.触不可及(美版).BD.720p.中英双字幕.mkv
逆向诱拐 ,2018,中国香港,剧情/悬疑,5.4,ftp://ygdy8:ygdy8@yg45.dydytt.net:8426/阳光电影www.ygdy8.com.逆向诱拐.BD.720p.粤语中英双字.mkv
Hidden Man,2018,中国,剧情/喜剧/动作,7.2,ftp://ygdy8:ygdy8@yg45.dydytt.net:7426/阳光电影www.ygdy8.com.邪不压正.BD.720p.国语中字.mkv
Hello Mr. Billionaire,2018,中国,喜剧,6.7,ftp://ygdy8:ygdy8@yg90.dydytt.net:8512/阳光电影www.ygdy8.com.西虹市首富.BD.720p.国语中字.mkv
柏林，我爱你,2019,德国,剧情/爱情,5.4,ftp://ygdy8:ygdy8@yg90.dydytt.net:8511/阳光电影www.ygdy8.com.柏林，我爱你.BD.720p.中英双字幕.mkv
翠丝 ,2018,香港,剧情/同性,6.6,ftp://ygdy8:ygdy8@yg72.dydytt.net:8359/阳光电影www.ygdy8.com.翠丝.BD.720p.粤语中英双字.mkv
欢迎来到马文镇,2018,美国,剧情/传记,6.1,ftp://ygdy8:ygdy8@yg45.dydytt.net:8425/阳光电影www.ygdy8.com.欢迎来到马文镇.BD.720p.中英双字幕.mkv
驯龙高手3,2019,美国,动画/奇幻/冒险,7.5,ftp://ygdy8:ygdy8@yg45.dydytt.net:3200/阳光电影www.ygdy8.com.驯龙高手3.BD.720p.中英双字幕.mkv
死寂,2019,德国,恐怖/惊悚,0,ftp://ygdy8:ygdy8@yg45.dydytt.net:5048/阳光电影www.ygdy8.com.死寂.BD.720p.中英双字幕.mkv
非同凡响 ,2018,中国香港,剧情,7.0,ftp://ygdy8:ygdy8@yg90.dydytt.net:8508/阳光电影www.ygdy8.com.非同凡响.BD.720p.粤语中字.mkv
House of The Rising Sons,2018,中国香港/中国,剧情/励志,5.9,ftp://ygdy8:ygdy8@yg45.dydytt.net:3156/阳光电影www.ygdy8.com.兄弟班.BD.720p.国粤双语中字.mkv
"Lost, Found",2018,中国,剧情,7.5,ftp://ygdy8:ygdy8@yg45.dydytt.net:3160/阳光电影www.ygdy8.com.找到你.HD.1080p.国语中英双字.mp4
克隆人,2018,英国/中国/波多黎各/美国,科幻/悬疑/犯罪,6.2,ftp://ygdy8:ygdy8@yg72.dydytt.net:8358/阳光电影www.ygdy8.com.克隆人.BD.720p.中英双字幕.mkv
密室逃生,2019,美国,悬疑/惊悚,7.3,ftp://ygdy8:ygdy8@yg90.dydytt.net:8506/阳光电影www.ygdy8.com.密室逃生.BD.720p.中英双字幕.mkv
性别为本 ,2018,美国,剧情 / 传记,7.5,ftp://ygdy8:ygdy8@yg45.dydytt.net:6160/阳光电影www.ygdy8.com.性别为本.BD.720p.中英双字幕.mkv
玻璃先生,2019,美国,悬疑/惊悚/犯罪,6.3,ftp://ygdy8:ygdy8@yg45.dydytt.net:8424/阳光电影www.ygdy8.com.玻璃先生.BD.720p.中英双字幕.mkv
王者少年,2019,英国/美国,奇幻/冒险,5.5,ftp://ygdy8:ygdy8@yg45.dydytt.net:7424/阳光电影www.ygdy8.com.王者少年.BD.720p.中英双字幕.mkv
罗宾汉：起源,2018,美国,动作/冒险,5.4,ftp://ygdy8:ygdy8@yg90.dydytt.net:8505/阳光电影www.ygdy8.com.罗宾汉：起源.BD.720p.中英双字幕.mkv
无间炼狱,2018,美国,剧情/惊悚/犯罪,5.9,ftp://ygdy8:ygdy8@yg45.dydytt.net:8422/阳光电影www.ygdy8.com.无间炼狱.BD.720p.中英双字幕.mkv
果戈里・复仇,2018,俄罗斯,悬疑/惊悚/奇幻/冒险,6.9,ftp://ygdy8:ygdy8@yg72.dydytt.net:8357/阳光电影www.ygdy8.com.果戈里・复仇.BD.720p.中英双字幕.mkv
气球,2018,德国,剧情/惊悚/历史,8.1,ftp://ygdy8:ygdy8@yg72.dydytt.net:8356/阳光电影www.ygdy8.com.奇迹热气球.BD.720p.德语中字.mkv
你能原谅我吗？,2018,美国,剧情/喜剧/传记/犯罪,7.1,ftp://ygdy8:ygdy8@yg45.dydytt.net:7421/阳光电影www.ygdy8.com.你能原谅我吗？.BD.720p.中英双字幕.mkv
无主之作,2018,德国,剧情,8.2,ftp://ygdy8:ygdy8@yg45.dydytt.net:3199/阳光电影www.ygdy8.com.无主之作.BD.720p.德语中字.mkv
驯龙高手3,2019,美国,动画/奇幻/冒险,7.5,ftp://ygdy8:ygdy8@yg90.dydytt.net:8503/阳光电影www.ygdy8.com.驯龙高手3.HD.720p.英语中字.mkv
彼铁卢,2018,英国,剧情/历史,6.8,ftp://ygdy8:ygdy8@yg45.dydytt.net:8420/阳光电影www.ygdy8.com.彼铁卢.BD.720p.中英双字幕.mkv
Kung Fu Monster,2018,中国/中国香港,喜剧/奇幻/武侠,3.8,ftp://ygdy8:ygdy8@yg45.dydytt.net:7420/阳光电影www.ygdy8.com.武林怪兽.BD.720p.国粤双语中字.mkv
白小姐,2018,韩国,剧情,7.2,ftp://ygdy8:ygdy8@yg90.dydytt.net:8502/阳光电影www.ygdy8.com.白小姐.BD.720p.韩语中字.mkv
烧肉龙,2018,日本,剧情/家庭,6.4,ftp://ygdy8:ygdy8@yg45.dydytt.net:8419/阳光电影www.ygdy8.com.烧肉龙.BD.720p.日语中字.mkv
劫匪,2019,美国,剧情/悬疑/惊悚/犯罪,0,ftp://ygdy8:ygdy8@yg45.dydytt.net:8418/阳光电影www.ygdy8.com.劫匪.BD.720p.中英双字幕.mkv
斯坦和奥利,2018,英国/美国/加拿大,剧情/喜剧/传记,7.5,ftp://ygdy8:ygdy8@yg45.dydytt.net:7418/阳光电影www.ygdy8.com.斯坦和奥利.BD.720p.中英双字幕.mkv
硬核,2018,日本,喜剧,6.2,ftp://ygdy8:ygdy8@yg90.dydytt.net:8501/阳光电影www.ygdy8.com.硬核.BD.720p.日语中字.mkv
逃出水泥地,2018,加拿大,剧情/动作/惊悚/犯罪,6.6,ftp://ygdy8:ygdy8@yg45.dydytt.net:8417/阳光电影www.ygdy8.com.逃出水泥地.BD.720p.中英双字幕.mkv
俄国新娘,2018,美国,惊悚/恐怖,0,ftp://ygdy8:ygdy8@yg45.dydytt.net:7417/阳光电影www.ygdy8.com.俄国新娘.BD.720p.中英双字幕.mkv
Pegasus,2019,中国,喜剧,7.0,ftp://ygdy8:ygdy8@yg45.dydytt.net:6159/阳光电影www.ygdy8.com.飞驰人生.HD.720p.国语中字.mkv
检察方的罪人,2018,日本,剧情/悬疑/犯罪,7.3,ftp://ygdy8:ygdy8@yg90.dydytt.net:8499/阳光电影www.ygdy8.com.检察方的罪人.BD.720p.日语中字.mkv
Ash is Purest White,2018,中国/法国/日本,剧情/爱情/犯罪,7.6,ftp://ygdy8:ygdy8@yg45.dydytt.net:4127/阳光电影www.ygdy8.com.江湖儿女.HD.1080p.国语中字.mp4
夜以继日,2018,日本/法国,剧情/爱情,7.4,ftp://ygdy8:ygdy8@yg90.dydytt.net:8498/阳光电影www.ygdy8.com.夜以继日.BD.720p.日语中字.mkv
然后你来了,2019,美国,剧情/喜剧/冒险,7.7,ftp://ygdy8:ygdy8@yg45.dydytt.net:8416/阳光电影www.ygdy8.com.然后你来了.BD.720p.中英双字幕.mkv
三重威胁之跨国大营救,2019,泰国/中国/中国香港/美国,动作,4.3,ftp://ygdy8:ygdy8@yg45.dydytt.net:3198/阳光电影www.ygdy8.com.三重威胁之跨国大营救.BD.720p.中文字幕.mkv
邻里的人们,2018,韩国,动作/悬疑,5.8,ftp://ygdy8:ygdy8@yg90.dydytt.net:8497/阳光电影www.ygdy8.com.邻里的人们.BD.720p.韩语中字.mkv
海市蜃楼,2018,西班牙,科幻/悬疑/惊悚,7.7,ftp://ygdy8:ygdy8@yg45.dydytt.net:8431/阳光电影www.ygdy8.com.海市蜃楼.HD.720p.中英双字幕.mkv
副总统,2018,美国,剧情/喜剧/传记/历史,6.7,ftp://ygdy8:ygdy8@yg45.dydytt.net:8415/阳光电影www.ygdy8.com.副总统.BD.720p.中英双字幕.mkv
小偷家族,2018,日本,剧情/家庭/犯罪,8.7,ftp://ygdy8:ygdy8@yg45.dydytt.net:3196/阳光电影www.ygdy8.com.小偷家族.BD.720p.日语中字.mkv
紧急救命电影版,2018,日本,剧情,8.3,ftp://ygdy8:ygdy8@yg90.dydytt.net:8496/阳光电影www.ygdy8.com.紧急救命.BD.720p.日语中字.mkv
一条狗的回家路,2019,美国,冒险,6.9,ftp://ygdy8:ygdy8@yg72.dydytt.net:8354/阳光电影www.ygdy8.com.一条狗的回家路.HD.720p.国英双语中字.mkv
Integrity,2019,中国香港/中国,剧情/悬疑/犯罪,5.5,ftp://ygdy8:ygdy8@yg45.dydytt.net:4125/阳光电影www.ygdy8.com.廉政风云.HD.720p.国粤双语中字.mkv
重塑人生,2018,美国,喜剧/爱情,5.4,ftp://ygdy8:ygdy8@yg90.dydytt.net:8494/阳光电影www.ygdy8.com.重塑人生.BD.720p.中英双字幕.mkv
狂野生活,2018,美国,剧情,7.3,ftp://ygdy8:ygdy8@yg45.dydytt.net:4124/阳光电影www.ygdy8.com.狂野生活.BD.720p.中英双字幕.mkv
国家破产之日,2018,韩国,剧情,7.5,ftp://ygdy8:ygdy8@yg45.dydytt.net:3195/阳光电影www.ygdy8.com.国家破产之日.BD.720p.韩语中字.mkv
大黄蜂,2018,美国,动作/科幻/冒险,7.2,ftp://ygdy8:ygdy8@yg45.dydytt.net:8414/阳光电影www.ygdy8.com.大黄蜂.BD.720p.中英双字幕.mkv
骡子,2018,美国,剧情/悬疑/惊悚/犯罪,7.9,ftp://ygdy8:ygdy8@yg45.dydytt.net:7431/阳光电影www.ygdy8.com. 骡子.BD.720p.中英双字幕.mkv
永生之地,2019,爱尔兰,动作/犯罪/西部,0,ftp://ygdy8:ygdy8@yg90.dydytt.net:8493/阳光电影www.ygdy8.com.永生之地.BD.720p.中英双字幕.mkv
库尔斯克,2018,法国/比利时/卢森堡,剧情/历史/灾难,6.8,ftp://ygdy8:ygdy8@yg45.dydytt.net:7413/阳光电影www.ygdy8.com.库尔斯克.BD.720p.英语中字.mkv
极限职业,2019,韩国,喜剧/犯罪,7.7,ftp://ygdy8:ygdy8@yg45.dydytt.net:6158/阳光电影www.ygdy8.com.极限职业.BD.720p.韩语中字.mkv
最后一人,2019,阿根廷/加拿大,剧情/动作/科幻,0,ftp://ygdy8:ygdy8@yg45.dydytt.net:8412/阳光电影www.ygdy8.com.最后一人.BD.720p.中英双字幕.mkv
怪兽应变,2018,美国,剧情/科幻/惊悚,0,ftp://ygdy8:ygdy8@yg90.dydytt.net:8492/阳光电影www.ygdy8.com.怪兽应变.BD.720p.中英双字幕.mkv
蜘蛛侠：平行宇宙,2018,美国,动作/科幻/动画/冒险,8.7,ftp://ygdy8:ygdy8@yg45.dydytt.net:8410/阳光电影www.ygdy8.com.蜘蛛侠：平行宇宙.BD.720p.国英双语双字.mkv
伦敦战场 ,2018,美国,悬疑 / 惊悚 / 犯罪,5.3,ftp://ygdy8:ygdy8@yg45.dydytt.net:7410/阳光电影www.ygdy8.com.伦敦战场.BD.720p.中英双字幕.mkv
欢乐满人间2 ,2018,美国,歌舞/剧情,7.0,ftp://ygdy8:ygdy8@yg90.dydytt.net:8491/阳光电影www.ygdy8.com.欢乐满人间2.BD.720p.中英双字幕.mkv
叶问外传：张天志,2018,中国/中国香港,剧情/动作,6.0,ftp://ygdy8:ygdy8@yg45.dydytt.net:8409/阳光电影www.ygdy8.com.叶问外传：张天志.BD.720p.国粤双语中字.mkv
花牌情缘：结 ,2018,日本,剧情/励志,8.1,ftp://ygdy8:ygdy8@yg45.dydytt.net:7409/阳光电影www.ygdy8.com.花牌情缘：终结.BD.720p.日语中字.mkv
世界属于你,2018,法国,喜剧 / 犯罪,5.9,ftp://ygdy8:ygdy8@yg90.dydytt.net:8490/阳光电影www.ygdy8.com.世界属于你.BD.720p.中文字幕.mkv
三方国界,2019,美国,动作/犯罪/冒险,6.4,ftp://ygdy8:ygdy8@yg45.dydytt.net:8408/阳光电影www.ygdy8.com.三方国界.BD.720p.中英双字幕.mkv
屠宰场准则,2018,英国,喜剧/动作/恐怖,5.1,ftp://ygdy8:ygdy8@yg45.dydytt.net:7408/阳光电影www.ygdy8.com.屠宰场准则.BD.720p.中英双字幕.mkv
Knight of Shadows: Walker Between Halfworlds ,2019,中国,喜剧/动作/奇幻,4.1,ftp://ygdy8:ygdy8@yg45.dydytt.net:8406/阳光电影www.ygdy8.com.神探蒲松龄.HD.720p.国粤双语中字.mkv
袭击,2018,印度,剧情/动作,6.9,ftp://ygdy8:ygdy8@yg45.dydytt.net:6156/阳光电影www.ygdy8.com.袭击.BD.720p.中文字幕.mkv
海王,2018,美国/澳大利亚,动作/奇幻/冒险,7.8,ftp://ygdy8:ygdy8@yg45.dydytt.net:3194/阳光电影www.ygdy8.com.海王.BD.720p.国英双语双字.mkv
Knight of Shadows: Walker Between Halfworlds ,2019,中国,喜剧/动作/奇幻,4.1,ftp://ygdy8:ygdy8@yg72.dydytt.net:8353/阳光电影www.ygdy8.com.神探蒲松龄.HD.720p.国语中字.mkv
假若比尔街能说话 ,2018,美国,剧情 / 爱情 / 犯罪,6.7,ftp://ygdy8:ygdy8@yg90.dydytt.net:8487/阳光电影www.ygdy8.com.假若比尔街能说话.BD.720p.中英双字幕.mkv
D计划,2019,中国/中国香港,剧情/喜剧,5.8,ftp://ygdy8:ygdy8@yg45.dydytt.net:7405/阳光电影www.ygdy8.com.新喜剧之王.HD.720p.国粤双语中字.mkv
Shadow,2018,中国,剧情/动作/武侠/古装,7.4,ftp://ygdy8:ygdy8@yg45.dydytt.net:8404/阳光电影www.ygdy8.com.影.BD.720p.国语中字.mkv
一代巨星桑杰君,2018,印度,剧情 / 传记,7.5,ftp://ygdy8:ygdy8@yg45.dydytt.net:3193/阳光电影www.ygdy8.com.一代巨星桑杰君.BD.720p.中英双字幕.mkv
青年将军高约,2018,菲律宾,剧情/战争,0,ftp://ygdy8:ygdy8@yg90.dydytt.net:8485/阳光电影www.ygdy8.com.青年将军高约.BD.720p.中文字幕.mkv
Crazy Alien,2019,中国,喜剧/科幻,6.4,ftp://ygdy8:ygdy8@yg45.dydytt.net:8403/阳光电影www.ygdy8.com.疯狂的外星人.HD.1080p.国语中英双字.mp4
硬核风暴,2019,美国,动作/犯罪,0/1,ftp://ygdy8:ygdy8@yg90.dydytt.net:8483/阳光电影www.ygdy8.com.硬核风暴.BD.720p.中英双字幕.mkv
海王,2018,美国/澳大利亚,动作/奇幻/冒险,7.8,ftp://ygdy8:ygdy8@yg45.dydytt.net:3194/阳光电影www.ygdy8.com.海王.BD.720p.国英双语双字.mkv
此房是我造,2018,丹麦/法国/德国/瑞典,剧情/惊悚/犯罪,7.3,ftp://ygdy8:ygdy8@yg45.dydytt.net:4123/阳光电影www.ygdy8.com.此房是我造.BD.720p.中英双字幕.mkv
White Snake,2019,中国/美国,爱情/动画/奇幻,8.0,ftp://ygdy8:ygdy8@yg45.dydytt.net:4122/阳光电影www.ygdy8.com.白蛇：缘起.HD.720p.国语中字.mkv
难道不浪漫,2019,美国,喜剧/爱情/奇幻,6.6,ftp://ygdy8:ygdy8@yg45.dydytt.net:8401/阳光电影www.ygdy8.com.难道不浪漫.BD.720p.中英双字幕.mkv
Big Match,2019,中国,动作/犯罪,6.7,ftp://ygdy8:ygdy8@yg45.dydytt.net:8400/阳光电影www.ygdy8.com.大人物.HD.1080p.国语中英双字.mkv
迦百农,2018,黎巴嫩/法国/美国,剧情,8.3,ftp://ygdy8:ygdy8@yg45.dydytt.net:7400/阳光电影www.ygdy8.com.迦百农.BD.720p.中文字幕.mkv
无敌破坏王2：大闹互联网,2018,美国,喜剧/动画/奇幻/冒险,8.2,ftp://ygdy8:ygdy8@yg45.dydytt.net:3192/阳光电影www.ygdy8.com.无敌破坏王2：大闹互联网.BD.720p.国粤英三语.中英双字幕.mkv
本回家了,2018,美国,剧情,7.2,ftp://ygdy8:ygdy8@yg45.dydytt.net:8399/阳光电影www.ygdy8.com.本回家了.BD.720p.中英双字幕.mkv
速成家庭,2018,美国,剧情/喜剧,7.8,ftp://ygdy8:ygdy8@yg45.dydytt.net:7399/阳光电影www.ygdy8.com.速成家庭.BD.720p.中英双字幕.mkv
宁静,2019,美国,剧情/惊悚,6.1,ftp://ygdy8:ygdy8@yg45.dydytt.net:4121/阳光电影www.ygdy8.com.宁静.BD.720p.中英双字幕.mkv
物怪,2018,韩国,动作/奇幻,5.0,ftp://ygdy8:ygdy8@yg90.dydytt.net:8480/阳光电影www.ygdy8.com.物怪.BD.720p.韩语中字.mkv
奎迪：英雄再起,2018,美国,剧情/运动,7.3,ftp://ygdy8:ygdy8@yg45.dydytt.net:8396/阳光电影www.ygdy8.com.奎迪：英雄再起.BD.720p.中英双字幕.mkv
64号病历,2018,丹麦/德国,悬疑/惊悚/犯罪,6.9,ftp://ygdy8:ygdy8@yg45.dydytt.net:7396/阳光电影www.ygdy8.com.64号病历.BD.720p.中文字幕.mkv
徒手攀岩,2018,美国,纪录片,9.1,ftp://ygdy8:ygdy8@yg45.dydytt.net:8395/阳光电影www.ygdy8.com.徒手攀岩.BD.720p.中英双字幕.mkv
麻药王,2018,韩国,剧情/动作/犯罪,5.6,ftp://ygdy8:ygdy8@yg72.dydytt.net:8347/阳光电影www.ygdy8.com.麻药王.BD.720p.韩语中字.mkv
蜘蛛侠：平行宇宙,2018,美国,动作/科幻/动画/冒险,8.7,ftp://ygdy8:ygdy8@yg45.dydytt.net:4120/阳光电影www.ygdy8.com.蜘蛛侠：平行宇宙.HD.720p.中英双字幕.mkv
绿皮书,2018,美国,剧情/喜剧/传记,8.9,ftp://ygdy8:ygdy8@yg45.dydytt.net:3190/阳光电影www.ygdy8.com. 绿簿旅友.HD.720p.中英双字幕.mkv
神奇动物：格林德沃之罪,2018,美国/英国,奇幻/冒险,7.1,ftp://ygdy8:ygdy8@yg45.dydytt.net:4119/阳光电影www.ygdy8.com.神奇动物：格林德沃之罪.BD.720p.国英双语双字.mkv
狂暴巨兽,2018,美国,动作/科幻/冒险,6.7,ftp://ygdy8:ygdy8@yg45.dydytt.net:8394/阳光电影www.ygdy8.com.狂暴巨兽.BD.720p.国英双语双字.mkv
猎凶风河谷,2017,英国/加拿大/美国,剧情/悬疑/犯罪,7.8,ftp://ygdy8:ygdy8@yg45.dydytt.net:7393/阳光电影www.ygdy8.com.猎凶风河谷.BD.720p.中英双字幕.mkv
看不见的客人,2017,西班牙,剧情/悬疑/惊悚/犯罪,8.7,ftp://ygdy8:ygdy8@yg45.dydytt.net:8393/阳光电影www.ygdy8.com.看不见的客人.BD.720p.国西双语中英双字.mkv
头号玩家,2018,美国,动作/科幻/冒险,8.7,ftp://ygdy8:ygdy8@yg45.dydytt.net:3189/阳光电影www.ygdy8.com.头号玩家.BD.720p.国英双语双字.mkv
死侍2,2018,美国,喜剧/动作/科幻/冒险,7.3,ftp://ygdy8:ygdy8@yg45.dydytt.net:8392/阳光电影www.ygdy8.com.死侍2未分级加长版.BD.720p.中英双字幕.mkv
神奇动物：格林德沃之罪,2018,美国/英国,奇幻/冒险,7.1,ftp://ygdy8:ygdy8@yg45.dydytt.net:4118/阳光电影www.ygdy8.com.神奇动物：格林德沃之罪.BD.720p.中英双字幕.mkv
Long Day's Journey Into Night,2018,中国/法国,剧情/爱情/悬疑,6.9,ftp://ygdy8:ygdy8@yg90.dydytt.net:8472/阳光电影www.ygdy8.com.地球最后的夜晚.HD.1080p.国语中英双字.mkv
宠儿,2018,爱尔兰/英国/美国,剧情/喜剧/同性/传记,7.4,ftp://ygdy8:ygdy8@yg45.dydytt.net:3188/阳光电影www.ygdy8.com.宠儿.BD.720p.中英双字幕.mkv
古墓丽影：源起之战,2018,美国,动作/冒险,6.3,ftp://ygdy8:ygdy8@yg45.dydytt.net:4117/阳光电影www.ygdy8.com.古墓丽影：源起之战.BD.720p.国英双语双字.mkv
无敌破坏王2：大闹互联网,2018,美国,喜剧/动画/奇幻/冒险,8.2,ftp://ygdy8:ygdy8@yg45.dydytt.net:3187/阳光电影www.ygdy8.com.无敌破坏王2：大闹互联网.HD.720p.中英双字幕.mkv
罗马,2018,墨西哥/美国,剧情/家庭,8.1,ftp://ygdy8:ygdy8@yg72.dydytt.net:8343/阳光电影www.ygdy8.com.罗马.BD.720p.中英双字幕.mkv
我身体里的那个家伙,2018,韩国,剧情 / 喜剧,7.0,ftp://ygdy8:ygdy8@yg90.dydytt.net:8470/阳光电影www.ygdy8.com.我身体里的那个家伙.BD.720p.韩语中字.mkv
克隆人,2018,英国/中国大陆/波多黎各/美国,科幻/悬疑/犯罪,6.2,ftp://ygdy8:ygdy8@yg45.dydytt.net:8388/阳光电影www.ygdy8.com.克隆人.HD.720p.中英双字幕.mkv
霸主,2018,美国/加拿大,动作/科幻/恐怖/战争,6.8,ftp://ygdy8:ygdy8@yg45.dydytt.net:7388/阳光电影www.ygdy8.com.霸主.HD.720p.中英双字幕.mkv
叶问外传：张天志,2018,中国/中国香港,剧情/动作,6.0,ftp://ygdy8:ygdy8@yg90.dydytt.net:8469/阳光电影www.ygdy8.com.叶问外传：张天志.HD.720p.国粤双语中字.mkv
Kill Mobile,2018,中国,剧情/喜剧,6.0,ftp://ygdy8:ygdy8@yg45.dydytt.net:4116/阳光电影www.ygdy8.com.来电狂响.HD.1080p.国语中英双字.mkv
罗宾汉,2018,美国,动作/冒险,5.4,ftp://ygdy8:ygdy8@yg45.dydytt.net:3186/阳光电影www.ygdy8.com.罗宾汉.BD.720p.中英双字幕.mkv
银魂2,2018,日本,喜剧/动作/冒险,7.5,ftp://ygdy8:ygdy8@yg90.dydytt.net:8467/阳光电影www.ygdy8.com.银魂2.BD.720p.日语中字.mkv
念念手纪,2017,日本,剧情/爱情,6.7,ftp://ygdy8:ygdy8@yg45.dydytt.net:8387/阳光电影www.ygdy8.com.念念手纪.HD.720p.国日双语中字.mkv
谁先爱上他的,2018,中国台湾,剧情/喜剧/同性/家庭,8.6,ftp://ygdy8:ygdy8@yg90.dydytt.net:8466/阳光电影www.ygdy8.com.谁先爱上他的.BD.720p.国语中字.mkv
Fighting Men of China,2018,中国,剧情,4.2,ftp://ygdy8:ygdy8@yg45.dydytt.net:8385/阳光电影www.ygdy8.com.中国合伙人2.HD.720p.国语中英双字.mkv
无双,2018,中国/中国香港,剧情/动作/犯罪,8.2,ftp://ygdy8:ygdy8@yg45.dydytt.net:7385/阳光电影www.ygdy8.com.无双.BD.720p.中英双字幕.mkv
未来的未来 ,2018,日本,动画/奇幻,6.6,ftp://ygdy8:ygdy8@yg72.dydytt.net:8342/阳光电影www.ygdy8.com.未来的未来.BD.720p.粤日双语中字.mkv
掠食城市,2018,美国/新西兰,动作/科幻/冒险,6.6,ftp://ygdy8:ygdy8@yg45.dydytt.net:3185/阳光电影www.ygdy8.com.移动城市：致命引擎.BD.720p.中英双字幕.mkv
绿毛怪格林奇,2018,法国/中国/日本/美国,喜剧/动画/奇幻,6.4,ftp://ygdy8:ygdy8@yg45.dydytt.net:8384/阳光电影www.ygdy8.com.绿毛怪格林奇.BD.720p.中英双字幕.mkv
绝地隧战,2018,韩国,动作,6.0,ftp://ygdy8:ygdy8@yg45.dydytt.net:7384/阳光电影www.ygdy8.com.绝地隧战.HD.720p.中文字幕.mkv
恋如雨止 ,2018,日本,剧情/爱情,7.3,ftp://ygdy8:ygdy8@yg90.dydytt.net:8465/阳光电影www.ygdy8.com.恋如雨止.BD.720p.日语中字.mkv
Kung Fu Monster,2018,中国/中国香港,喜剧/奇幻/武侠,3.8,ftp://ygdy8:ygdy8@yg72.dydytt.net:8341/阳光电影www.ygdy8.com.武林怪兽.HD.1080p.国粤双语中字.mkv
调琴师 ,2018,印度,喜剧/惊悚/犯罪,8.7,ftp://ygdy8:ygdy8@yg45.dydytt.net:4114/阳光电影www.ygdy8.com.调琴师.BD.720p.中文字幕.mkv
寡妇联盟,2018,英国,剧情/惊悚/犯罪,6.6,ftp://ygdy8:ygdy8@yg45.dydytt.net:4113/阳光电影www.ygdy8.com.寡妇联盟.BD.720p.中英双字幕.mkv
China Peacekeeping Forces,2018,中国,剧情/动作/战争,0,ftp://ygdy8:ygdy8@yg45.dydytt.net:3182/阳光电影www.ygdy8.com.中国蓝盔.HD.720p.国语中英双字.mkv
私人战争,2018,美国,剧情/传记/战争,7.4,ftp://ygdy8:ygdy8@yg72.dydytt.net:8339/阳光电影www.ygdy8.com.私人战争.BD.720p.中英双字幕.mkv
极线杀手,2019,美国/德国,动作,6.8,ftp://ygdy8:ygdy8@yg45.dydytt.net:4112/阳光电影www.ygdy8.com.极线杀手.BD.720p.中英双字幕.mkv
波西米亚狂想曲 ,2018,英国 / 美国,剧情 / 音乐 / 传记,8.8,ftp://ygdy8:ygdy8@yg45.dydytt.net:8383/阳光电影www.ygdy8.com.波西米亚狂想曲.BD.720p.中英双字幕.mkv
大师兄,2018,中国/中国香港,喜剧/动作,0,ftp://ygdy8:ygdy8@yg45.dydytt.net:7383/阳光电影www.ygdy8.com.大师兄.BD.720p.国粤双语中字.mkv
海王,2018,美国/澳大利亚,动作/奇幻/冒险,7.8,ftp://ygdy8:ygdy8@yg45.dydytt.net:8382/阳光电影www.ygdy8.com.海王.HD.720p.韩版英语中字.mkv
罗宾汉,2018,美国,动作/冒险,5.4,ftp://ygdy8:ygdy8@yg45.dydytt.net:7382/阳光电影www.ygdy8.com.罗宾汉.HD.720p.韩版中英双字幕.mkv
玛德琳的玛德琳,2018,美国,剧情 / 悬疑 / 惊悚,6.4,ftp://ygdy8:ygdy8@yg45.dydytt.net:8381/阳光电影www.ygdy8.com.玛德琳的玛德琳.BD.720p.中英双字幕.mkv
贤妻 ,2018,瑞典 / 美国 / 英国,剧情,7.6,ftp://ygdy8:ygdy8@yg45.dydytt.net:7381/阳光电影www.ygdy8.com.贤妻.BD.720p.中英双字幕.mkv
贼王,2018,英国,剧情/动作/犯罪,5.7,ftp://ygdy8:ygdy8@yg72.dydytt.net:8337/阳光电影www.ygdy8.com.贼王.BD.720p.英语中字.mkv
无双,2018,中国/中国香港,剧情/动作/犯罪,8.2,ftp://ygdy8:ygdy8@yg90.dydytt.net:8463/阳光电影www.ygdy8.com.无双.HD.720p.粤语中字.mkv
胡桃夹子和四个王国 ,2018,美国,奇幻/冒险,6.1,ftp://ygdy8:ygdy8@yg45.dydytt.net:7380/阳光电影www.ygdy8.com.胡桃夹子和四个王国.BD.720p.中英双字幕.mkv
阴风阵阵 ,2018,美国 / 意大利,惊悚 / 恐怖,6.9,ftp://ygdy8:ygdy8@yg45.dydytt.net:8380/阳光电影www.ygdy8.com.阴风阵阵.BD.720p.中英双字幕.mkv
大黄蜂,2018,美国,动作/科幻/冒险,7.2,ftp://ygdy8:ygdy8@yg45.dydytt.net:3181/阳光电影www.ygdy8.com.大黄蜂.HD.720p.韩版英语中字.mkv
少女地球守护者 ,2019,美国,科幻,4.8,ftp://ygdy8:ygdy8@yg45.dydytt.net:4110/阳光电影www.ygdy8.com.少女地球守护者.BD.720p.中英双字幕.mkv
贴身女保镖,2019,美国,动作/惊悚,5.3,ftp://ygdy8:ygdy8@yg90.dydytt.net:8462/阳光电影www.ygdy8.com.贴身女保镖.BD.720p.中英双字幕.mkv
奇妙幽灵,2018,韩国,喜剧/奇幻,5.6,ftp://ygdy8:ygdy8@yg45.dydytt.net:3180/阳光电影www.ygdy8.com.奇妙幽灵.BD.720p.韩语中字.mkv
一个明星的诞生 ,2018,美国,剧情 / 爱情 / 音乐,7.2,ftp://ygdy8:ygdy8@yg45.dydytt.net:4109/阳光电影www.ygdy8.com.一个明星的诞生.BD.720p.中英双字幕.mkv
复仇岛,2018,韩国,动作,5.2,ftp://ygdy8:ygdy8@yg45.dydytt.net:3179/阳光电影www.ygdy8.com.复仇岛.BD.720p.韩语中字.mkv
蜘蛛网中的女孩 ,2018,美国,剧情/动作/惊悚/犯罪,6.2,ftp://ygdy8:ygdy8@yg90.dydytt.net:8461/阳光电影www.ygdy8.com.蜘蛛网中的女孩.BD.720p.中英双字幕.mkv
侏罗纪世界2,2018,美国/西班牙,动作/科幻/冒险,6.8,ftp://ygdy8:ygdy8@yg45.dydytt.net:8379/阳光电影www.ygdy8.com.侏罗纪世界2.BD.720p.国英双语双字.mkv
我杀死了巨人,2018,美国/英国/比利时,剧情/惊悚/奇幻,5.6,ftp://ygdy8:ygdy8@yg45.dydytt.net:7379/阳光电影www.ygdy8.com.我杀死了巨人.BD.720p.中英双字幕.mkv
冰海陷落,2018,英国/中国/美国,动作/惊悚,6.7,ftp://ygdy8:ygdy8@yg90.dydytt.net:8460/阳光电影www.ygdy8.com.冰海陷落.BD.720p.中英双字幕.mkv
完美的他人,2018,韩国,剧情/喜剧/悬疑,7.4,ftp://ygdy8:ygdy8@yg45.dydytt.net:4108/阳光电影www.ygdy8.com.完美的他人.BD.720p.韩语中字.mkv
第一缕曙光,2018,加拿大,科幻 / 惊悚,5.5,ftp://ygdy8:ygdy8@yg45.dydytt.net:4107/阳光电影www.ygdy8.com.第一缕曙光.BD.720p.中英双字幕.mkv
永不言弃,2018,日本,剧情,4.9,ftp://ygdy8:ygdy8@yg90.dydytt.net:8459/阳光电影www.ygdy8.com.永不言弃.BD.720p.日语中字.mkv
雪中灰,2018,美国/立陶宛,剧情/历史,0,ftp://ygdy8:ygdy8@yg90.dydytt.net:8458/阳光电影www.ygdy8.com.雪中灰.BD.720p.中英双字幕.mkv
蒙上你的眼 ,2018,美国,剧情 / 科幻 / 惊悚,7.0,ftp://ygdy8:ygdy8@yg45.dydytt.net:3177/阳光电影www.ygdy8.com.蒙上你的眼.BD.720p.中英双字幕.mkv
欢迎回家,2019,美国,惊悚,0,ftp://ygdy8:ygdy8@yg90.dydytt.net:8457/阳光电影www.ygdy8.com.欢迎回家.BD.720p.中英双字幕.mkv
地牢回忆,2018,西班牙/乌拉圭,剧情/历史/犯罪,7.3,ftp://ygdy8:ygdy8@yg90.dydytt.net:8456/阳光电影www.ygdy8.com.地牢回忆.BD.720p.中英双字幕.mkv
极速杀机,2019,美国,剧情/传记,5.4,ftp://ygdy8:ygdy8@yg45.dydytt.net:6153/阳光电影www.ygdy8.com.极速杀机.BD.720p.中英双字幕.mkv
哥斯拉：噬星者 ,2018,日本,动作 / 科幻 / 动画,5.4,ftp://ygdy8:ygdy8@yg45.dydytt.net:3176/阳光电影www.ygdy8.com.哥斯拉：噬星者.BD.720p.国日双语中英双字.mkv
肆式青春,2018,日本/中国,动画,6.0,ftp://ygdy8:ygdy8@yg45.dydytt.net:8377/阳光电影www.ygdy8.com.肆式青春.BD.720p.国日双语双字.mkv
哥斯拉：决战之都,2018,日本,动画/科幻,6.6,ftp://ygdy8:ygdy8@yg45.dydytt.net:7377/阳光电影www.ygdy8.com.哥斯拉：决战之都.BD.720p.日英双语双字.mkv
The Moment of Pluto,2018,中国,剧情,6.7,ftp://ygdy8:ygdy8@yg45.dydytt.net:3175/阳光电影www.ygdy8.com.冥王星时刻.HD.1080p.国语中英双字.mp4
鸡皮疙瘩2：闹鬼万圣节 ,2018,美国,喜剧 / 恐怖 / 奇幻 / 冒险,5.3,ftp://ygdy8:ygdy8@yg90.dydytt.net:8454/阳光电影www.ygdy8.com.鸡皮疙瘩2：闹鬼万圣节.BD.720p.中英双字幕.mkv
Einstein & Einstein,2013,中国,剧情/家庭,8.3,ftp://ygdy8:ygdy8@yg45.dydytt.net:8376/阳光电影www.ygdy8.com.狗十三.HD.720p.国语中英双字.mkv
坚不可摧：救赎之路,2018,美国,剧情/传记,5.1,ftp://ygdy8:ygdy8@yg72.dydytt.net:8329/阳光电影www.ygdy8.com.坚不可摧：救赎之路.BD.720p.中英双字幕.mkv
守塔人,2018,英国,惊悚/悬疑,0,ftp://ygdy8:ygdy8@yg90.dydytt.net:8452/阳光电影www.ygdy8.com.守塔人.BD.720p.中英双字幕.mkv
白人男孩瑞克 ,2018,美国,剧情/犯罪,6.0,ftp://ygdy8:ygdy8@yg45.dydytt.net:3174/阳光电影www.ygdy8.com.白人男孩瑞克.BD.720p.中英双字幕.mkv
A Cool Fish,2018,中国,剧情/喜剧,8.2,ftp://ygdy8:ygdy8@yg45.dydytt.net:3171/阳光电影www.ygdy8.com.无名之辈.HD.1080p.国语中英双字.mp4
切小金家的旅馆,2018,中国台湾,喜剧/恐怖/悬疑,6.7,ftp://ygdy8:ygdy8@yg90.dydytt.net:8449/阳光电影www.ygdy8.com.切小金家的旅馆.BD.720p.国语中字.mkv
七大罪：天空的囚人 ,2018,日本,动画 / 奇幻 / 冒险,6.0,ftp://ygdy8:ygdy8@yg72.dydytt.net:8328/阳光电影www.ygdy8.com.七大罪：天空的囚人.BD.720p.中英双字幕.mkv
3D冰封侠2,2018,中国/中国香港,动作/奇幻,2.7,ftp://ygdy8:ygdy8@yg45.dydytt.net:8375/阳光电影www.ygdy8.com.冰封侠：时空行者.BD.720p.国粤双语中字.mkv
艾什,2018,美国,剧情/动作/惊悚/犯罪,6.0,ftp://ygdy8:ygdy8@yg45.dydytt.net:7375/阳光电影www.ygdy8.com.艾什.BD.720p.中英双字幕.mkv
黑镜：潘达斯奈基 ,2018,英国 / 美国,剧情 / 科幻 / 悬疑 / 惊悚,7.6,ftp://ygdy8:ygdy8@yg72.dydytt.net:8325/阳光电影www.ygdy8.com.黑镜：潘达斯奈基.BD.720p.中英双字幕.mkv
愤怒的黄牛,2018,韩国,动作/犯罪,5.9,ftp://ygdy8:ygdy8@yg45.dydytt.net:3169/阳光电影www.ygdy8.com.愤怒的黄牛.BD.720p.韩语中字.mkv
90年代中期,2018,美国,剧情 / 喜剧,7.1,ftp://ygdy8:ygdy8@yg90.dydytt.net:8447/阳光电影www.ygdy8.com.90年代中期.BD.720p.中英双字幕.mkv
盗潜黄金城,2017,德国/法国/比利时/美国,喜剧/动作/犯罪,5.7,ftp://ygdy8:ygdy8@yg45.dydytt.net:3168/阳光电影www.ygdy8.com.盗潜黄金城.BD.720p.中英双字幕.mkv
22号追击者,2018,加拿大,剧情 / 动作,0,ftp://ygdy8:ygdy8@yg72.dydytt.net:8324/阳光电影www.ygdy8.com.22号追击者.BD.720p.中英双字幕.mkv
Golden Job,2018,中国,动作/犯罪,5.2,ftp://ygdy8:ygdy8@yg45.dydytt.net:8373/阳光电影www.ygdy8.com.黄金兄弟.BD.720p.粤语中字.mkv
机器猛犬,2018,美国,科幻/冒险,4.4,ftp://ygdy8:ygdy8@yg45.dydytt.net:3166/阳光电影www.ygdy8.com.机器猛犬.BD.720p.中英双字幕.mkv
神奇动物：格林德沃之罪,2018,美国/英国,奇幻/冒险,7.2,ftp://ygdy8:ygdy8@yg45.dydytt.net:3165/阳光电影www.ygdy8.com.神奇动物：格林德沃之罪.HD.720p.韩版中英双字幕.mkv
毒液：致命守护者,2018,美国/中国,动作/科幻/惊悚,7.3,ftp://ygdy8:ygdy8@yg45.dydytt.net:8372/阳光电影www.ygdy8.com.毒液：致命守护者.BD.720p.国英双语双字.mkv
皇家酒店谋杀案,2018,美国,悬疑/惊悚,6.9,ftp://ygdy8:ygdy8@yg72.dydytt.net:8319/阳光电影www.ygdy8.com.皇家酒店谋杀案.BD.720p.中英双字幕.mkv
月光光心慌慌,2018,美国,惊悚/恐怖,6.3,ftp://ygdy8:ygdy8@yg72.dydytt.net:8318/阳光电影www.ygdy8.com.月光光心慌慌.BD.720p.中英双字幕.mkv
欢乐时光谋杀案,2018,美国,喜剧/动作/悬疑/犯罪,6.3,ftp://ygdy8:ygdy8@yg90.dydytt.net:8441/阳光电影www.ygdy8.com.欢乐时光谋杀案.BD.720p.中英双字幕.mkv
女人之名,2018,意大利,剧情,0,ftp://ygdy8:ygdy8@yg90.dydytt.net:8440/阳光电影www.ygdy8.com.女人之名.BD.720p.意大利语中字.mkv
Endless Loop,2018,中国,悬疑/犯罪/惊悚,5.5,ftp://ygdy8:ygdy8@yg72.dydytt.net:8317/阳光电影www.ygdy8.com.黑暗迷宫.HD.1080p.国语中字.mkv
无双,2018,中国/中国香港,剧情/动作/犯罪,8.2,ftp://ygdy8:ygdy8@yg72.dydytt.net:8316/阳光电影www.ygdy8.com.无双.HD.1080p.国语中字.mp4
希斯特斯兄弟,2018,美国/法国/罗马尼亚/西班牙,犯罪/西部/冒险,7.5,ftp://ygdy8:ygdy8@yg90.dydytt.net:8439/阳光电影www.ygdy8.com.希斯特斯兄弟.BD.720p.中英双字幕.mkv
憨豆特工3,2018,法国/美国/英国,喜剧/动作/冒险,6.7,ftp://ygdy8:ygdy8@yg45.dydytt.net:3164/阳光电影www.ygdy8.com.憨豆特工3.BD.720p.中英双字幕.mkv
丽兹 ,2018,美国,剧情 / 传记 / 犯罪,6.2,ftp://ygdy8:ygdy8@yg45.dydytt.net:4106/阳光电影www.ygdy8.com.丽兹.BD.720p.中英双字幕.mkv
保镖,2018,法国,剧情/动作/犯罪,0,ftp://ygdy8:ygdy8@yg90.dydytt.net:8437/阳光电影www.ygdy8.com.保镖.BD.720p.英语中字.mkv
登月第一人,2018,美国,剧情/传记/历史,7.6,ftp://ygdy8:ygdy8@yg45.dydytt.net:3162/阳光电影www.ygdy8.com.登月第一人.BD.720p.中英双字幕.mkv
回溯者 ,2018,美国,动作,0,ftp://ygdy8:ygdy8@yg90.dydytt.net:8435/阳光电影www.ygdy8.com.回溯者.BD.720p.中英双字幕.mkv
"Hello, Mrs. Money",2018,中国,喜剧,5.0,ftp://ygdy8:ygdy8@yg45.dydytt.net:7370/阳光电影www.ygdy8.com.李茶的姑妈.HD.1080p.国语中英双字.mp4
Baby,2018,中国,剧情,5.4,ftp://ygdy8:ygdy8@yg45.dydytt.net:3161/阳光电影www.ygdy8.com.宝贝儿.HD.1080p.国语中英双字.mp4
动物之家婚礼记,2017,法国/比利时,喜剧/爱情,6.3,ftp://ygdy8:ygdy8@yg72.dydytt.net:8311/阳光电影www.ygdy8.com.动物之家婚礼记.BD.720p.法语中字.mkv
一个小忙,2018,美国/加拿大,剧情/悬疑/犯罪,7.1,ftp://ygdy8:ygdy8@yg45.dydytt.net:8369/阳光电影www.ygdy8.com.一个小忙.BD.720p.中英双字幕.mkv
河流如血,2018,美国,惊悚/犯罪,5.1,ftp://ygdy8:ygdy8@yg90.dydytt.net:8432/阳光电影www.ygdy8.com.河流如血.BD.720p.中英双字幕.mkv
摄影机不要停！ ,2018,日本,喜剧 / 恐怖,8.5,ftp://ygdy8:ygdy8@yg45.dydytt.net:8368/阳光电影www.ygdy8.com.摄影机不要停！.BD.720p.日语中字.mkv
森林之子毛克利,2018,美国,剧情/冒险,6.3,ftp://ygdy8:ygdy8@yg90.dydytt.net:8429/阳光电影www.ygdy8.com.森林之子毛克利.BD.720p.中英双字幕.mkv
Last Letter,2018,中国,剧情/爱情,7.0,ftp://ygdy8:ygdy8@yg45.dydytt.net:8365/阳光电影www.ygdy8.com.你好，之华.HD.1080p.国语中字.mp4
Ala Changso,2018,中国大陆,剧情 / 家庭,7.6,ftp://ygdy8:ygdy8@yg45.dydytt.net:8364/阳光电影www.ygdy8.com.阿拉姜色.HD.720p.国语中字.mkv
Crystal Sky of Yesterday,2018,中国,爱情/动画,6.1,ftp://ygdy8:ygdy8@yg72.dydytt.net:8309/阳光电影www.ygdy8.com.昨日青空.HD.1080p.国语中字.mkv
Fat Buddies,2018,中国,喜剧/动作,3.9,ftp://ygdy8:ygdy8@yg45.dydytt.net:6151/阳光电影www.ygdy8.com.胖子行动队.HD.720p.国语中英双字.mkv
"Lost, Found",2018,中国,剧情,7.5,ftp://ygdy8:ygdy8@yg45.dydytt.net:3160/阳光电影www.ygdy8.com.找到你.HD.1080p.国语中英双字.mp4
雪怪大冒险,2018,美国,喜剧/动画/冒险,7.6,ftp://ygdy8:ygdy8@yg45.dydytt.net:3159/阳光电影www.ygdy8.com.雪怪大冒险.BD.720p.中英双字幕.mkv
猖獗,2018,韩国,动作/恐怖,5.5,ftp://ygdy8:ygdy8@yg72.dydytt.net:8308/阳光电影www.ygdy8.com.猖獗.BD.720p.韩语中字.mkv
拉普拉斯的魔女 ,2018,日本,剧情 / 悬疑,5.6,ftp://ygdy8:ygdy8@yg45.dydytt.net:8363/阳光电影www.ygdy8.com.拉普拉斯的魔女.BD.720p.日语中字.mkv
Shadow,2018,中国,剧情/动作/武侠/古装,7.4,ftp://ygdy8:ygdy8@yg45.dydytt.net:8362/阳光电影www.ygdy8.com.影.HD.1080p.国语中英双字.mp4
嗝嗝老师,2018,印度,剧情/喜剧,7.5,ftp://ygdy8:ygdy8@yg72.dydytt.net:8306/阳光电影www.ygdy8.com.嗝嗝老师.BD.720p.中英双字幕.mkv
毒液：致命守护者,2018,美国/中国,动作/科幻/惊悚,7.3,ftp://ygdy8:ygdy8@yg90.dydytt.net:8425/阳光电影www.ygdy8.com.毒魔.HD.720p.中英双字幕.mkv
0,0,0,0,0,0
滴答屋,2018,美国/印度/加拿大,喜剧/奇幻/冒险,5.6,ftp://ygdy8:ygdy8@yg45.dydytt.net:8361/阳光电影www.ygdy8.com.滴答屋.BD.720p.中英双字幕.mkv
Kung Fu League,2018,中国,剧情/动作,3.4,ftp://ygdy8:ygdy8@yg72.dydytt.net:8305/阳光电影www.ygdy8.com.功夫联盟.HD.1080p.国粤双语中字.mkv
孤狼之血,2018,日本,剧情/动作/犯罪,7.8,ftp://ygdy8:ygdy8@yg45.dydytt.net:8360/阳光电影www.ygdy8.com.孤狼之血.BD.720p.日语中字.mkv
铁血战士,2018,美国/加拿大,动作/科幻/惊悚/冒险,5.1,ftp://ygdy8:ygdy8@yg45.dydytt.net:3157/阳光电影www.ygdy8.com.铁血战士.HD.720p.中英双字幕.mkv
House of The Rising Sons,2018,中国香港/中国,剧情/励志,5.9,ftp://ygdy8:ygdy8@yg45.dydytt.net:3156/阳光电影www.ygdy8.com.兄弟班.BD.720p.国粤双语中字.mkv
拯救圣诞记 ,2018,美国,喜剧,7.1,ftp://ygdy8:ygdy8@yg45.dydytt.net:8359/阳光电影www.ygdy8.com.拯救圣诞记.BD.720p.中英双字幕.mkv
An Elephant Sitting Still,2018,中国,剧情,8.1,ftp://ygdy8:ygdy8@yg45.dydytt.net:4103/阳光电影www.ygdy8.com.大象席地而坐导演剪辑版.HD.720p.国语中字.mkv
网络谜踪,2018,美国/俄罗斯,剧情/悬疑/惊悚,8.5,ftp://ygdy8:ygdy8@yg45.dydytt.net:3155/阳光电影www.ygdy8.com.网络谜踪.BD.720p.中英双字幕.mkv
The Island,2018,中国,剧情/喜剧,7.3,ftp://ygdy8:ygdy8@yg72.dydytt.net:8302/阳光电影www.ygdy8.com.一出好戏.BD.720p.国语中字.mkv
一个明星的诞生 ,2018,美国,剧情 / 爱情 / 音乐,7.3,ftp://ygdy8:ygdy8@yg45.dydytt.net:4102/阳光电影www.ygdy8.com.一个明星的诞生.HD.720p.韩版中英双字幕.mkv
Hidden Man,2018,中国,剧情/喜剧/动作,7.2,ftp://ygdy8:ygdy8@yg45.dydytt.net:3154/阳光电影www.ygdy8.com.邪不压正.HD.1080p.国语中字.mp4
薄荷,2018,美国,剧情/动作/惊悚,6.2,ftp://ygdy8:ygdy8@yg90.dydytt.net:8421/阳光电影www.ygdy8.com.薄荷杀手.BD.720p.中英双字幕.mkv
L Storm,2018,中国香港,剧情/动作/犯罪,5.8,ftp://ygdy8:ygdy8@yg45.dydytt.net:8358/阳光电影www.ygdy8.com.反贪风暴3.BD.720p.国粤双语中字.mkv
On Happiness Road,2017,中国台湾,动画,7.6,ftp://ygdy8:ygdy8@yg45.dydytt.net:7358/阳光电影www.ygdy8.com.幸福路上.BD.720p.国语中字.mkv
巴斯特・斯克鲁格斯的歌谣 ,2018,美国,西部/剧情,8.0,ftp://ygdy8:ygdy8@yg90.dydytt.net:8420/阳光电影www.ygdy8.com.巴斯特・斯克鲁格斯的歌谣.BD.720p.中英双字幕.mkv
我的间谍前男友,2018,美国,喜剧/动作,6.9,ftp://ygdy8:ygdy8@yg45.dydytt.net:8355/阳光电影www.ygdy8.com.我的间谍前男友.BD.720p.国英双语双字.mkv
乔纳森,2018,美国,剧情/科幻,0,ftp://ygdy8:ygdy8@yg90.dydytt.net:8419/阳光电影www.ygdy8.com.乔纳森.BD.720p.中英双字幕.mkv
"Zhang Yimou's ""Shadow"" ",2018,中国,纪录片,7.1,ftp://ygdy8:ygdy8@yg45.dydytt.net:4101/阳光电影www.ygdy8.com.张艺谋和他的影.HD.1080p.国语中字.mp4
阿尔法：狼伴归途,2018,美国,剧情/冒险,6.5,ftp://ygdy8:ygdy8@yg90.dydytt.net:8418/阳光电影www.ygdy8.com.阿尔法：狼伴归途.BD.720p.国英双语双字.mkv
海军陆战队员6：近距离击杀,2018,美国,动作/犯罪,0,ftp://ygdy8:ygdy8@yg45.dydytt.net:4100/阳光电影www.ygdy8.com.海军陆战队员6：近距离击杀.BD.720p.中英双字幕.mkv
公主大对换,2018,美国,喜剧/爱情/家庭,0,ftp://ygdy8:ygdy8@yg90.dydytt.net:8417/阳光电影www.ygdy8.com.公主大对换.BD.720p.中英双字幕.mkv
碟中谍6：全面瓦解,2018,美国,动作/惊悚/冒险,8.2,ftp://ygdy8:ygdy8@yg45.dydytt.net:3153/阳光电影www.ygdy8.com.碟中谍6：全面瓦解.BD.720p.国英双语双字.mkv
小小陌生人,2018,爱尔兰/英国/法国,悬疑/惊悚,6.0,ftp://ygdy8:ygdy8@yg90.dydytt.net:8416/阳光电影www.ygdy8.com.小小陌生人.BD.720p.中英双字幕.mkv
铁血战士,2018,美国/加拿大,动作/科幻/惊悚/冒险,5.1,ftp://ygdy8:ygdy8@yg45.dydytt.net:8353/阳光电影www.ygdy8.com.铁血战士.HD.720p.韩版中字.mkv
暗数杀人,2018,韩国,剧情/犯罪/悬疑,6.6,ftp://ygdy8:ygdy8@yg45.dydytt.net:6144/阳光电影www.ygdy8.com.暗数杀人.BD.720p.韩语中字.mkv
犬舍真人版,2018,日本,动作/科幻,6.6,ftp://ygdy8:ygdy8@yg90.dydytt.net:8415/阳光电影www.ygdy8.com.犬舍真人版.BD.720p.日语中字.mkv
巨齿鲨,2018,美国/中国/中国香港,动作/科幻/惊悚,5.8,ftp://ygdy8:ygdy8@yg45.dydytt.net:8351/阳光电影www.ygdy8.com.巨齿鲨.BD.720p.国英双语双字.mkv
低压槽：欲望之城,2018,中国/中国香港,剧情/动作/悬疑/犯罪,4.4,ftp://ygdy8:ygdy8@yg45.dydytt.net:8350/阳光电影www.ygdy8.com.低压槽：欲望之城.BD.720p.国粤双语中字.mkv
第十二个人,2017,挪威,剧情/历史/战争,7.8,ftp://ygdy8:ygdy8@yg45.dydytt.net:7349/阳光电影www.ygdy8.com.第十二个人.BD.720p.中字.mkv
错误教育,2018,美国,剧情/同性,7.1,ftp://ygdy8:ygdy8@yg90.dydytt.net:8414/阳光电影www.ygdy8.com.错误教育.BD.720p.中英双字幕.mkv
法外之王,2018,英国,剧情/动作/传记,0,ftp://ygdy8:ygdy8@yg45.dydytt.net:8349/阳光电影www.ygdy8.com.法外之王.BD.720p.中英双字幕.mkv
名侦探柯南：零的执行人,2018,日本,动画/悬疑,6.2,ftp://ygdy8:ygdy8@yg72.dydytt.net:8299/阳光电影www.ygdy8.com.名侦探柯南：零的执行人.BD.720p.国日双语中字.mkv
Drug Dealer,2018,中国,剧情/喜剧,9.0,ftp://ygdy8:ygdy8@yg45.dydytt.net:7348/阳光电影www.ygdy8.com.我不是药神.HD.1080p.国语中英双字.mp4
摘金奇缘,2018,美国,喜剧/爱情,6.6,ftp://ygdy8:ygdy8@yg45.dydytt.net:8348/阳光电影www.ygdy8.com.摘金奇缘.BD.720p.中英双字幕.mkv
7月22日,2018,挪威/冰岛/美国,剧情/历史/犯罪,7.6,ftp://ygdy8:ygdy8@yg72.dydytt.net:8298/阳光电影www.ygdy8.com.7月22日.BD.720p.中英双字幕.mkv
Europe Raiders,2018,中国/英国,喜剧/动作/爱情,3.6,ftp://ygdy8:ygdy8@yg45.dydytt.net:8347/阳光电影www.ygdy8.com.欧洲攻略.BD.720p.国粤双语中字.mkv
碟中谍6：全面瓦解,2018,美国,动作/惊悚/冒险,8.2,ftp://ygdy8:ygdy8@yg45.dydytt.net:3152/阳光电影www.ygdy8.com.碟中谍6：全面瓦解.HD.720p.中英双字幕.mkv
飓风行动,2018,英国/波兰,剧情/战争,6.3,ftp://ygdy8:ygdy8@yg72.dydytt.net:8296/阳光电影www.ygdy8.com.飓风行动.BD.720p.中英双字幕.mkv
你给的仇恨,2018,美国,剧情/犯罪,8.0,ftp://ygdy8:ygdy8@yg45.dydytt.net:3151/阳光电影www.ygdy8.com.你给的仇恨.HD.720p.中英双字幕.mkv
超人总动员2,2018,美国,喜剧/动作/动画/冒险,8.0,ftp://ygdy8:ygdy8@yg45.dydytt.net:8344/阳光电影www.ygdy8.com.超人总动员2.BD.720p.英国粤三语双字.mkv
朝花夕誓,2018,日本,动画/奇幻,7.7,ftp://ygdy8:ygdy8@yg90.dydytt.net:8413/阳光电影www.ygdy8.com.朝花夕誓.BD.720p.日语中字.mkv
巨齿鲨,2018,美国/中国/中国香港,动作/科幻/惊悚,5.8,ftp://ygdy8:ygdy8@yg45.dydytt.net:4099/阳光电影www.ygdy8.com.巨齿鲨.HD.720p.国英双语双字.mkv
精灵旅社3：疯狂假期,2018,美国,喜剧/动画/奇幻,6.9,ftp://ygdy8:ygdy8@yg90.dydytt.net:8412/阳光电影www.ygdy8.com.精灵旅社3：疯狂假期.BD.720p.英国粤三语双字.mkv
与神同行：罪与罚,2017,韩国,剧情/奇幻,7.7,ftp://ygdy8:ygdy8@yg90.dydytt.net:8411/阳光电影www.ygdy8.com.与神同行：罪与罚.BD.720p.韩粤双语中字.mkv
与神同行2：因与缘,2018,韩国,动作/奇幻,7.6,ftp://ygdy8:ygdy8@yg45.dydytt.net:8342/阳光电影www.ygdy8.com.与神同行2：因与缘.BD.720p.韩语中英双字.mkv
修女,2018,美国,悬疑/惊悚/恐怖,6.1,ftp://ygdy8:ygdy8@yg45.dydytt.net:7342/阳光电影www.ygdy8.com.修女.HD.720p.韩版中英双字幕.mkv
Hello Mr. Billionaire,2018,中国,喜剧,6.7,ftp://ygdy8:ygdy8@yg45.dydytt.net:8340/阳光电影www.ygdy8.com.西虹市首富.HD.1080p.国语中英双字.mp4
巴比龙,2018,美国,剧情/传记/犯罪,7.0,ftp://ygdy8:ygdy8@yg45.dydytt.net:7340/阳光电影www.ygdy8.com.巴比龙.BD.720p.中英双字幕.mkv
伸冤人2,2018,美国,动作/惊悚/犯罪,7.0,ftp://ygdy8:ygdy8@yg45.dydytt.net:3150/阳光电影www.ygdy8.com.伸冤人2.BD.720p.中英双字幕.mkv
牵线 ,2018,美国,喜剧 / 爱情,6.5,ftp://ygdy8:ygdy8@yg45.dydytt.net:6138/阳光电影www.ygdy8.com.牵线.BD.720p.中英双字幕.mkv
三角草的春天,2018,日本,剧情/惊悚,5.8,ftp://ygdy8:ygdy8@yg72.dydytt.net:8295/阳光电影www.ygdy8.com.三角草的春天.BD.720p.日语中字.mkv
幼儿怨,2016,中国香港,惊悚/恐怖,0,ftp://ygdy8:ygdy8@yg45.dydytt.net:6137/阳光电影www.ygdy8.com.幼儿怨.BD.720p.粤语中字.mkv
克里斯托弗・罗宾,2018,美国,喜剧/动画/冒险,8.2,ftp://ygdy8:ygdy8@yg45.dydytt.net:8338/阳光电影www.ygdy8.com.克里斯托弗・罗宾.BD.720p.中英双字幕.mkv
Air Strike,2018,中国,动作/历史/战争,0,ftp://ygdy8:ygdy8@yg45.dydytt.net:4098/阳光电影www.ygdy8.com.大轰炸.HD.720p.中英双字幕.mkv
冷战,2018,波兰/法国/英国,剧情/爱情,8.1,ftp://ygdy8:ygdy8@yg45.dydytt.net:8337/阳光电影www.ygdy8.com.冷战.BD.720p.中英双字幕.mkv
阿尔法：狼伴归途,2018,美国,剧情/冒险,6.5,ftp://ygdy8:ygdy8@yg45.dydytt.net:8336/阳光电影www.ygdy8.com.阿尔法：狼伴归途.BD.720p.中英双字幕.mkv
冒牌上尉,2017,德国/波兰/葡萄牙/法国,剧情/历史/战争,8.4,ftp://ygdy8:ygdy8@yg45.dydytt.net:7336/阳光电影www.ygdy8.com.冒牌上尉.BD.720p.中英双字幕.mkv
L Storm,2018,香港,剧情/动作/犯罪,5.8,ftp://ygdy8:ygdy8@yg45.dydytt.net:3148/阳光电影www.ygdy8.com.反贪风暴3.HD.1080p.国语中字.mp4
超人总动员2,2018,美国,喜剧/动作/动画/冒险,8.0,ftp://ygdy8:ygdy8@yg45.dydytt.net:4097/阳光电影www.ygdy8.com.超人总动员2.HD.720p.中英双字幕.mkv
22英里,2018,美国,动作/犯罪/冒险,6.5,ftp://ygdy8:ygdy8@yg45.dydytt.net:3147/阳光电影www.ygdy8.com.22英里.BD.720p.中英双字幕.mkv
私人生活,2018,美国,剧情,7.8,ftp://ygdy8:ygdy8@yg45.dydytt.net:7333/阳光电影www.ygdy8.com.私人生活.BD.720p.中英双字幕.mkv
Golden Job,2018,中国,动作/犯罪,5.2,ftp://ygdy8:ygdy8@yg45.dydytt.net:4096/阳光电影www.ygdy8.com.黄金兄弟.HD.1080p.国粤双语中字.mkv
快乐王子,2018,英国/比利时/意大利/德国,剧情/传记,7.3,ftp://ygdy8:ygdy8@yg45.dydytt.net:8330/阳光电影www.ygdy8.com.快乐王子.BD.720p.中英双字幕.mkv
镰仓物语,2017,日本,剧情/奇幻,6.9,ftp://ygdy8:ygdy8@yg45.dydytt.net:8329/阳光电影www.ygdy8.com.镰仓物语.BD.720p.国日双语中字.mkv
加尔维斯顿,2018,美国,动作 / 惊悚 / 犯罪,6.8,ftp://ygdy8:ygdy8@yg45.dydytt.net:7328/阳光电影www.ygdy8.com.加尔维斯顿.BD.720p.中英双字幕.mkv
协商,2018,韩国,动作/惊悚/犯罪/悬疑,7.0,ftp://ygdy8:ygdy8@yg45.dydytt.net:3146/阳光电影www.ygdy8.com.协商.BD.720p.韩语中字.mkv
Detective Dee: The Four Heavenly Kings,2018,中国/中国香港,动作/悬疑/古装,6.5,ftp://ygdy8:ygdy8@yg72.dydytt.net:8294/阳光电影www.ygdy8.com.狄仁杰之四大天王.BD.720p.国语中字.mkv
人狼,2018,韩国,动作/爱情/科幻,5.1,ftp://ygdy8:ygdy8@yg45.dydytt.net:8327/阳光电影www.ygdy8.com.人狼.BD.720p.韩语中英双字.mkv
真爱百分百 ,2018,法国,喜剧 / 爱情,8.2,ftp://ygdy8:ygdy8@yg45.dydytt.net:7327/阳光电影www.ygdy8.com.真爱百分百.BD.720p.法语中英双字.mkv
黑夜降临 ,2018,印度尼西亚,动作,0,ftp://ygdy8:ygdy8@yg90.dydytt.net:8408/阳光电影www.ygdy8.com.黑夜降临.BD.720p.中英双字幕.mkv
此刻只有你共我,2018,美国,科幻,0,ftp://ygdy8:ygdy8@yg45.dydytt.net:4095/阳光电影www.ygdy8.com.此刻只有你共我.BD.720p.中英双字幕.mkv
Legend of the Ancient Sword,2018,中国,动作/奇幻/古装,4.7,ftp://ygdy8:ygdy8@yg72.dydytt.net:8292/阳光电影www.ygdy8.com.古剑奇谭之流月昭明.HD.1080p.国语中英双字.mkv
我的间谍前男友,2018,美国,喜剧/动作,6.9,ftp://ygdy8:ygdy8@yg45.dydytt.net:8325/阳光电影www.ygdy8.com.老娘也要当间谍.BD.720p.中英双字幕.mkv
高速路上一只猫,2017,意大利,喜剧,0,ftp://ygdy8:ygdy8@yg45.dydytt.net:7325/阳光电影www.ygdy8.com.高速路上一只猫.HD.720p.意大利语中字.mkv
地狱铁匠,2018,西班牙/法国,奇幻/恐怖,6.3,ftp://ygdy8:ygdy8@yg45.dydytt.net:3145/阳光电影www.ygdy8.com.地狱铁匠.BD.720p.中英双字幕.mkv
抱歉打扰,2018,美国,喜剧/奇幻,7.4,ftp://ygdy8:ygdy8@yg45.dydytt.net:6134/阳光电影www.ygdy8.com.抱歉打扰.BD.720p.中英双字幕.mkv
敬畏,2017,法国/意大利/缅甸,喜剧/传记/爱情,6.6,ftp://ygdy8:ygdy8@yg45.dydytt.net:7324/阳光电影www.ygdy8.com.敬畏.BD.720p.中英双字幕.mkv
孪生陌生人,2018,英国,纪录片,7.9,ftp://ygdy8:ygdy8@yg45.dydytt.net:6133/阳光电影www.ygdy8.com.孪生陌生人.BD.720p.中英双字幕.mkv
最终行动,2018,美国,剧情/传记/历史,6.4,ftp://ygdy8:ygdy8@yg45.dydytt.net:8323/阳光电影www.ygdy8.com.最终行动.BD.720p.中英双字幕.mkv
蚁人2：黄蜂女现身,2018,美国,动作/科幻/冒险,7.5,ftp://ygdy8:ygdy8@yg45.dydytt.net:4094/阳光电影www.ygdy8.com.蚁人2：黄蜂女现身.BD.720p.国英双语双字.mkv
The Road Not Taken,2018,中国,剧情/犯罪,6.9,ftp://ygdy8:ygdy8@yg45.dydytt.net:6131/阳光电影www.ygdy8.com.未择之路.HD.1080p.国语中英双字.mp4
解除好友2：暗网,2018,美国,犯罪/恐怖,7.9,ftp://ygdy8:ygdy8@yg72.dydytt.net:8289/阳光电影www.ygdy8.com.解除好友2：暗网.BD.720p.中英双字幕.mkv
The Legend of Zu ,2018,中国,动作/爱情/武侠,0,ftp://ygdy8:ygdy8@yg45.dydytt.net:8321/阳光电影www.ygdy8.com.蜀山降魔传.BD.720p.国粤双语中字.mkv
过境,2018,德国/法国,剧情,7.2,ftp://ygdy8:ygdy8@yg45.dydytt.net:7321/阳光电影www.ygdy8.com.过境.BD.720p.德语双字.mkv
妈妈咪呀2,2018,英国/美国,喜剧/爱情/歌舞,7.5,ftp://ygdy8:ygdy8@yg45.dydytt.net:3144/阳光电影www.ygdy8.com.妈妈咪呀2：再次出发.BD.720p.中英双字幕.mkv
使徒,2018,美国,悬疑/惊悚/恐怖,0,ftp://ygdy8:ygdy8@yg45.dydytt.net:8320/阳光电影www.ygdy8.com.使徒.BD.720p.中英双字幕.mkv
镜中人,2018,美国,惊悚,0,ftp://ygdy8:ygdy8@yg45.dydytt.net:7320/阳光电影www.ygdy8.com.镜中人.BD.720p.中英双字幕.mkv
卧底,2018,菲律宾,动作/惊悚,0,ftp://ygdy8:ygdy8@yg90.dydytt.net:8405/阳光电影www.ygdy8.com.卧底.BD.720p.中英双字幕.mkv
莫莉,2017,荷兰 Netherlands,动作/科幻,0,ftp://ygdy8:ygdy8@yg45.dydytt.net:8319/阳光电影www.ygdy8.com.莫莉.BD.720p.中英双字幕.mkv
世界之间,2018,美国,惊悚,0,ftp://ygdy8:ygdy8@yg45.dydytt.net:8318/阳光电影www.ygdy8.com.世界之间.BD.720p.中英双字幕.mkv
康斯坦丁：恶魔之城 电影版,2018,美国,动画/奇幻,7.9,ftp://ygdy8:ygdy8@yg45.dydytt.net:7318/阳光电影www.ygdy8.com.康斯坦丁：恶魔之城电影版.BD.720p.中英双字幕.mkv
等待指示,2018,英国,科幻/悬疑/恐怖,0,ftp://ygdy8:ygdy8@yg45.dydytt.net:3143/阳光电影www.ygdy8.com.等待指示.BD.720p.中英双字幕.mkv
阿尔忒弥斯酒店,2018,美国/英国,动作/犯罪/惊悚,5.7,ftp://ygdy8:ygdy8@yg45.dydytt.net:8316/阳光电影www.ygdy8.com.阿尔忒弥斯酒店.BD.720p.中英双字幕.mkv
恶灵之家,2018,美国,恐怖,4.0,ftp://ygdy8:ygdy8@yg45.dydytt.net:7316/阳光电影www.ygdy8.com.恶灵之家.BD.720p.中英双字幕.mkv
笑傲昙天,2018,日本,剧情,4.5,ftp://ygdy8:ygdy8@yg45.dydytt.net:6129/阳光电影www.ygdy8.com.笑傲昙天.BD.720p.日语中字.mkv
Ash is Purest White ,2018,中国/法国/日本,剧情/爱情/犯罪,7.7,ftp://ygdy8:ygdy8@yg45.dydytt.net:8314/阳光电影www.ygdy8.com.江湖儿女.HD.720p.国语中字.mkv
Buyer Beware,2018,中国香港,惊悚/恐怖,0,ftp://ygdy8:ygdy8@yg45.dydytt.net:7314/阳光电影www.ygdy8.com.吉屋.BD.720p.国粤双语中字.mkv
巨齿鲨,2018,美国/中国/中国香港,动作/科幻/惊悚,5.8,ftp://ygdy8:ygdy8@yg45.dydytt.net:8312/阳光电影www.ygdy8.com.巨齿鲨.HD.720p.国英双语双字.mkv
大师兄,2018,中国/中国香港,喜剧/动作,5.3,ftp://ygdy8:ygdy8@yg45.dydytt.net:7312/阳光电影www.ygdy8.com.大师兄.HD.720p.国语中字.mkv
黑暗心灵,2018,美国,科幻/惊悚,5.5,ftp://ygdy8:ygdy8@yg90.dydytt.net:8403/阳光电影www.ygdy8.com.黑暗心灵.BD.720p.中英双字幕.mkv
中英街1号,2017,中国香港,剧情/历史,6.6,ftp://ygdy8:ygdy8@yg72.dydytt.net:8287/阳光电影www.ygdy8.com.中英街1号.BD.720p.粤语中字.mkv
摩天营救,2018,美国,动作/惊悚/冒险,6.4,ftp://ygdy8:ygdy8@yg45.dydytt.net:8310/阳光电影www.ygdy8.com.摩天营救.BD.720p.国英双语双字.mkv
新大头儿子和小头爸爸3,2018,中国,喜剧/动画/冒险/家庭,4.9,ftp://ygdy8:ygdy8@yg45.dydytt.net:7310/阳光电影www.ygdy8.com.新大头儿子和小头爸爸3.HD.1080p.国语中字.mp4
蚁人2：黄蜂女现身,2018,美国,动作/科幻/冒险,7.5,ftp://ygdy8:ygdy8@yg45.dydytt.net:3142/阳光电影www.ygdy8.com.蚁人2：黄蜂女现身.HD.720p.中英双字幕.mkv
八年级,2018,美国,喜剧,7.1,ftp://ygdy8:ygdy8@yg45.dydytt.net:6126/阳光电影www.ygdy8.com.八年级.BD.720p.中英双字幕.mkv
Go Brother!,2018,中国,喜剧/奇幻,7.0,ftp://ygdy8:ygdy8@yg45.dydytt.net:7308/阳光电影www.ygdy8.com.快把我哥带走.HD.720p.国语中英双字.mkv
,2018,中国,剧情/奇幻/古装/动作,5.0,ftp://ygdy8:ygdy8@yg45.dydytt.net:6125/阳光电影www.ygdy8.com.武动乾坤精华版.HD.720p.国语中字.mkv
不留痕迹,2018,美国,剧情,8.1,ftp://ygdy8:ygdy8@yg45.dydytt.net:8308/阳光电影www.ygdy8.com.不留痕迹.BD.720p.中英双字幕.mkv
摩天营救,2018,美国,动作/惊悚/冒险,6.4,ftp://ygdy8:ygdy8@yg45.dydytt.net:8307/阳光电影www.ygdy8.com.摩天营救.BD.720p.中英双字幕.mkv
小意大利,2018,美国,喜剧/爱情,6.0,ftp://ygdy8:ygdy8@yg45.dydytt.net:8306/阳光电影www.ygdy8.com.小意大利.BD.720p.中英双字幕.mkv
持有黑暗,2018,美国,惊悚,0,ftp://ygdy8:ygdy8@yg90.dydytt.net:8401/阳光电影www.ygdy8.com.持有黑暗.BD.720p.中英双字幕.mkv
终点的婚礼,2018,美国,剧情/喜剧/爱情,5.7,ftp://ygdy8:ygdy8@yg45.dydytt.net:8305/阳光电影www.ygdy8.com.终点的婚礼.BD.720p.中英双字幕.mkv
扭曲,2018,加拿大,惊悚,4.4,ftp://ygdy8:ygdy8@yg45.dydytt.net:7304/阳光电影www.ygdy8.com.扭曲.BD.720p.中英双字幕.mkv
Animal World,2018,中国,剧情/动作/冒险,7.3,ftp://ygdy8:ygdy8@yg90.dydytt.net:8400/阳光电影www.ygdy8.com.动物世界.HD.1080p.国语中英双字.mp4
Ice Cream Lover,2018,中国,喜剧/爱情,0,ftp://ygdy8:ygdy8@yg45.dydytt.net:8303/阳光电影www.ygdy8.com.冷恋时代.HD.720p.国语中英双字.mkv
雾中的女孩,2017,意大利/德国/法国,犯罪/惊悚,6.6,ftp://ygdy8:ygdy8@yg45.dydytt.net:8302/阳光电影www.ygdy8.com.雾中的女孩.BD.720p.中英双字幕.mkv
一起入魔,2016,英国,惊悚,4.2,ftp://ygdy8:ygdy8@yg45.dydytt.net:8300/阳光电影www.ygdy8.com.一起入魔.BD.720p.中英双字幕.mkv
Home Under The Sea,2018,中国,喜剧/动画/冒险,0,ftp://ygdy8:ygdy8@yg72.dydytt.net:8285/阳光电影www.ygdy8.com.深海历险记.HD.720p.国语中字.mkv
迟来的愤怒,2016,西班牙,剧情/惊悚,6.1,ftp://ygdy8:ygdy8@yg45.dydytt.net:7299/阳光电影www.ygdy8.com.迟来的愤怒.BD.720p.中英双字幕.mkv
死神真人版,2018,日本,动作/奇幻/冒险,5.0,ftp://ygdy8:ygdy8@yg45.dydytt.net:8298/阳光电影www.ygdy8.com.死神真人版.BD.720p.中英双字幕.mkv
儿童法案,2017,英国,剧情,7.5,ftp://ygdy8:ygdy8@yg72.dydytt.net:8284/阳光电影www.ygdy8.com.儿童法案.BD.720p.中英双字幕.mkv
The Island,2018,中国,剧情/喜剧,7.3,ftp://ygdy8:ygdy8@yg45.dydytt.net:4093/阳光电影www.ygdy8.com.一出好戏.HD.1080p.国语中英双字.mp4
汪星卧底,2018,美国,喜剧/冒险,5.9,ftp://ygdy8:ygdy8@yg45.dydytt.net:8297/阳光电影www.ygdy8.com.汪星卧底.HD.720p.国英双语中字.mkv
幸福的拉扎罗,2018,意大利/瑞士/法国/德国,剧情/奇幻,8.7,ftp://ygdy8:ygdy8@yg45.dydytt.net:7297/阳光电影www.ygdy8.com.幸福的拉扎罗.BD.720p.意大利语中字.mkv
精灵旅社3：疯狂假期,2018,美国,喜剧/动画/奇幻,6.9,ftp://ygdy8:ygdy8@yg45.dydytt.net:3141/阳光电影www.ygdy8.com.精灵旅社3：疯狂假期.HD.720p.韩版中英双字.mkv
橘子酱男孩,2018,日本,爱情,5.0,ftp://ygdy8:ygdy8@yg90.dydytt.net:8397/阳光电影www.ygdy8.com.橘子酱男孩.BD.720p.日语中字.mkv
德鲁大叔,2018,美国,喜剧/运动,7.1,ftp://ygdy8:ygdy8@yg72.dydytt.net:8283/阳光电影www.ygdy8.com.德鲁大叔.BD.720p.中英双字幕.mkv
The Blizzard,2018,中国,剧情/犯罪/悬疑,5.2,ftp://ygdy8:ygdy8@yg90.dydytt.net:8396/阳光电影www.ygdy8.com.道高一丈.HD.720p.国语中英双字.mkv
人类清除计划4,2018,美国,科幻/犯罪/惊悚,5.5,ftp://ygdy8:ygdy8@yg72.dydytt.net:8282/阳光电影www.ygdy8.com.人类清除计划4.BD.720p.中英双字幕.mkv
特工,2018,韩国,剧情/惊悚,7.7,ftp://ygdy8:ygdy8@yg45.dydytt.net:3139/阳光电影www.ygdy8.com.特工.BD.720p.韩语中字.mkv
与神同行2：因与缘,2018,韩国,动作/奇幻,7.6,ftp://ygdy8:ygdy8@yg45.dydytt.net:4092/阳光电影www.ygdy8.com.与神同行2：因与缘.BD.720p.韩语中字.mkv
魔女,2018,韩国,动作/悬疑,5.8,ftp://ygdy8:ygdy8@yg45.dydytt.net:3138/阳光电影www.ygdy8.com.魔女.BD.720p.韩语中字.mkv
Detective Chinatown Vol 2,2018,中国,喜剧/动作/犯罪/悬疑,6.7,ftp://ygdy8:ygdy8@yg45.dydytt.net:8294/阳光电影www.ygdy8.com.唐人街探案2.BD.720p.国语中字.mkv
心甘情愿,2018,印度,动作/犯罪/惊悚,7.1,ftp://ygdy8:ygdy8@yg90.dydytt.net:8394/阳光电影www.ygdy8.com.心甘情愿.BD.720p.中英双字幕.mkv
巨齿鲨,2018,美国/中国/中国香港,动作/科幻/惊悚,5.8,ftp://ygdy8:ygdy8@yg45.dydytt.net:3137/阳光电影www.ygdy8.com.巨齿鲨.HD.720p.韩版中字.mkv
目击者,2018,韩国,悬疑/惊悚,5.8,ftp://ygdy8:ygdy8@yg45.dydytt.net:7293/阳光电影www.ygdy8.com.目击者.BD.720p.韩语中字.mkv
讨债人,2018,美国,动作/犯罪,6.2,ftp://ygdy8:ygdy8@yg45.dydytt.net:8293/阳光电影www.ygdy8.com.讨债人.BD.720p.中英双字幕.mkv
The Wind Guardians,2018,中国,动画/奇幻,7.0,ftp://ygdy8:ygdy8@yg72.dydytt.net:8280/阳光电影www.ygdy8.com.风语咒.HD.720p.国语无字.mkv
游侠索罗：星球大战外传,2018,美国,动作/科幻/冒险,7.0,ftp://ygdy8:ygdy8@yg45.dydytt.net:8291/阳光电影www.ygdy8.com.游侠索罗：星球大战外传.BD.720p.国英双语双字.mkv
奇迹赛季,2018,美国,剧情/运动,0,ftp://ygdy8:ygdy8@yg45.dydytt.net:7291/阳光电影www.ygdy8.com.奇迹赛季.BD.720p.中英双字幕.mkv
曼蒂,2018,美国,动作/惊悚,6.4,ftp://ygdy8:ygdy8@yg45.dydytt.net:3136/阳光电影www.ygdy8.com.曼蒂.BD.720p.中英双字幕.mkv
碟中谍6：全面瓦解,2018,美国,动作/惊悚/冒险,8.1,ftp://ygdy8:ygdy8@yg45.dydytt.net:4091/阳光电影www.ygdy8.com.碟中谍6：全面瓦解.HD.720p.韩版中英双字幕.mkv
Europe Raiders,2018,中国/英国,喜剧/动作/爱情,3.7,ftp://ygdy8:ygdy8@yg72.dydytt.net:8277/阳光电影www.ygdy8.com.欧洲攻略.HD.1080p.国语中字.mp4
银行家的抵抗,2018,荷兰,剧情/战争,0,ftp://ygdy8:ygdy8@yg45.dydytt.net:8289/阳光电影www.ygdy8.com.银行家的抵抗.BD.720p.中英双字幕.mkv
没有好英雄,2018,美国,喜剧/科幻/恐怖,0,ftp://ygdy8:ygdy8@yg45.dydytt.net:3135/阳光电影www.ygdy8.com.没有好英雄.BD.720p.中英双字幕.mkv
边境杀手2：边境战士,2018,美国/意大利,剧情/动作/犯罪,6.7,ftp://ygdy8:ygdy8@yg45.dydytt.net:4089/阳光电影www.ygdy8.com.边境杀手2：边境战士.BD.720p.中英双字幕.mkv
倾城十月,2018,印度,剧情/爱情,6.2,ftp://ygdy8:ygdy8@yg72.dydytt.net:8275/阳光电影www.ygdy8.com.倾城十月.BD.720p.中英双字幕.mkv
雪耻女孩,2017,日本,喜剧/动作/爱情,5.2,ftp://ygdy8:ygdy8@yg90.dydytt.net:8389/阳光电影www.ygdy8.com.雪耻女孩.BD.720p.日语中字.mkv
Demon Catcher,2018,中国,喜剧/惊悚,0,ftp://ygdy8:ygdy8@yg45.dydytt.net:8288/阳光电影www.ygdy8.com.道师爷.HD.1080p.国语中字.mp4
斗墓占花魁,2018,中国,动作/爱情/奇幻/古装,0,ftp://ygdy8:ygdy8@yg45.dydytt.net:7288/阳光电影www.ygdy8.com.斗墓占花魁.HD.1080p.国语中字.mp4
游侠索罗：星球大战外传,2018,美国,动作/科幻/冒险,7.0,ftp://ygdy8:ygdy8@yg45.dydytt.net:3134/阳光电影www.ygdy8.com.游侠索罗：星球大战外传.BD.720p.中英双字幕.mkv
侏罗纪世界2,2018,美国/西班牙,动作/科幻/冒险,6.8,ftp://ygdy8:ygdy8@yg45.dydytt.net:8287/阳光电影www.ygdy8.com.侏罗纪世界2.BD.720p.国英双语双字.mkv
Reborn,2018,中国/中国香港/美国,喜剧/动作/犯罪,4.2,ftp://ygdy8:ygdy8@yg90.dydytt.net:8388/阳光电影www.ygdy8.com.解码游戏.HD.720p.国语中英双字.mkv
呼吸,2018,法国/加拿大,科幻/灾难,6.1,ftp://ygdy8:ygdy8@yg45.dydytt.net:7287/阳光电影www.ygdy8.com.呼吸.BD.720p.中英双字幕.mkv
死亡棚屋,2017,加拿大 Canada,喜剧/恐怖,0,ftp://ygdy8:ygdy8@yg72.dydytt.net:8274/阳光电影www.ygdy8.com.死亡棚屋.BD.720p.中英双字幕.mkv
血宴,2018,美国,喜剧/恐怖,0,ftp://ygdy8:ygdy8@yg45.dydytt.net:8286/阳光电影www.ygdy8.com.血宴.BD.720p.中英双字幕.mkv
活尸电梯,2017,意大利,恐怖,0,ftp://ygdy8:ygdy8@yg45.dydytt.net:7286/阳光电影www.ygdy8.com.活尸电梯.BD.720p.中英双字幕.mkv
塞尔拉・伯格斯是废柴,2018,美国,喜剧,5.5,ftp://ygdy8:ygdy8@yg45.dydytt.net:8285/阳光电影www.ygdy8.com.塞尔拉・伯格斯是废柴.BD.720p.中英双字幕.mkv
玛拉,2018,英国,恐怖,0,ftp://ygdy8:ygdy8@yg45.dydytt.net:7285/阳光电影www.ygdy8.com.玛拉.BD.720p.中英双字幕.mkv
木星之卫,2017,匈牙利/德国,剧情/科幻,6.5,ftp://ygdy8:ygdy8@yg90.dydytt.net:8387/阳光电影www.ygdy8.com.木星之卫.BD.720p.中文字幕.mkv
Oolong Courtyard,2018,中国,剧情/喜剧/动作,3.7,ftp://ygdy8:ygdy8@yg72.dydytt.net:8272/阳光电影www.ygdy8.com.新乌龙院之笑闹江湖.HD.1080p.国语中字.mp4
爱情公寓,2018,中国,喜剧/冒险,2.8,ftp://ygdy8:ygdy8@yg45.dydytt.net:8284/阳光电影www.ygdy8.com.爱情公寓.HD.1080p.国语中字.mp4
Next Gen,2018,中国/加拿大,科幻/动画/冒险,0,ftp://ygdy8:ygdy8@yg90.dydytt.net:8386/阳光电影www.ygdy8.com.未来机器城.BD.720p.中英双字幕.mkv
暹罗决：九神战甲,2018,泰国,动作/动画/奇幻,0,ftp://ygdy8:ygdy8@yg72.dydytt.net:8271/阳光电影www.ygdy8.com.暹罗决：九神战甲.HD.720p.泰语中字.mkv
摩天营救,2018,美国,动作/惊悚/冒险,6.5,ftp://ygdy8:ygdy8@yg45.dydytt.net:8282/阳光电影www.ygdy8.com.摩天营救.HD.720p.中英双字幕.rmvb
金沙血,2017,美国/香港/墨西哥/摩洛哥/瑞士/阿联酋,动作,0,ftp://ygdy8:ygdy8@yg72.dydytt.net:8269/阳光电影www.ygdy8.com.金沙血.BD.720p.中英双字幕.mkv
塞西亚：复仇之剑,2018,俄罗斯,剧情/动作/奇幻,7.5,ftp://ygdy8:ygdy8@yg72.dydytt.net:8268/阳光电影www.ygdy8.com.塞西亚：复仇之剑.BD.720p.中英双字幕.mkv
英雄归来,2018,法国,喜剧/历史,7.0,ftp://ygdy8:ygdy8@yg45.dydytt.net:6120/阳光电影www.ygdy8.com.英雄归来.BD.720p.法语中字.mkv
侏罗纪世界2,2018,美国/西班牙,动作/科幻/冒险,6.8,ftp://ygdy8:ygdy8@yg45.dydytt.net:3133/阳光电影www.ygdy8.com.侏罗纪世界2.BD.720p.中英双字幕.rmvb
洛杉矶大劫难,2017,法国/比利时,剧情/犯罪/惊悚,4.7,ftp://ygdy8:ygdy8@yg45.dydytt.net:8279/阳光电影www.ygdy8.com.洛杉矶大劫难.BD.720p.中英双字幕.mkv
超级苍蝇,2018,美国,动作/犯罪/惊悚,0,ftp://ygdy8:ygdy8@yg45.dydytt.net:7279/阳光电影www.ygdy8.com.超级苍蝇.BD.720p.中英双字幕.mkv
哆啦A梦：大雄的金银岛,2018,日本,动画/奇幻/冒险,6.6,ftp://ygdy8:ygdy8@yg45.dydytt.net:8278/阳光电影www.ygdy8.com.哆啦A梦：大雄的金银岛.BD.720p.国日双语中字.mkv
寄宿学校,2018,美国,恐怖,7.5,ftp://ygdy8:ygdy8@yg45.dydytt.net:8277/阳光电影www.ygdy8.com.寄宿学校.BD.720p.中英双字幕.mkv
啄木鸟伍迪,2017,美国,喜剧/家庭,0,ftp://ygdy8:ygdy8@yg45.dydytt.net:7277/阳光电影www.ygdy8.com.啄木鸟伍迪.BD.720p.中英双字幕.mkv
三块广告牌,2017,美国/英国,剧情/犯罪,8.7,ftp://ygdy8:ygdy8@yg45.dydytt.net:8276/阳光电影www.ygdy8.com.三块广告牌.BD.720p.国英双语双字.mkv
昼颜电影版,2017,日本,剧情/爱情,6.4,ftp://ygdy8:ygdy8@yg90.dydytt.net:8383/阳光电影www.ygdy8.com.昼颜电影版.BD.720p.国日双语中字.mkv
报复,2018,美国/英国,动作,0,ftp://ygdy8:ygdy8@yg45.dydytt.net:3132/阳光电影www.ygdy8.com.报复.BD.720p.中英双字幕.mkv
牧师,2018,美国,剧情/惊悚,0,ftp://ygdy8:ygdy8@yg45.dydytt.net:8275/阳光电影www.ygdy8.com.牧师.BD.720p.中英双字幕.mkv
在家千日难,2018,意大利,剧情/喜剧/爱情,0,ftp://ygdy8:ygdy8@yg45.dydytt.net:7275/阳光电影www.ygdy8.com.在家千日难.BD.720p.意大利语中字.mkv
Detective Dee: The Four Heavenly Kings,2018,中国/中国香港,动作/悬疑/古装,6.5,ftp://ygdy8:ygdy8@yg45.dydytt.net:3130/阳光电影www.ygdy8.com.狄仁杰之四大天王.HD.720p.国语中字.mkv
金钱世界,2017,美国,剧情/犯罪/悬疑,7.1,ftp://ygdy8:ygdy8@yg45.dydytt.net:7274/阳光电影www.ygdy8.com.金钱世界.BD.720p.国英双语双字.mkv
神奇马戏团之动物饼干,2017,美国/西班牙/中国/韩国/香港,喜剧/动画/奇幻/冒险,5.6,ftp://ygdy8:ygdy8@yg72.dydytt.net:8265/阳光电影www.ygdy8.com.神奇马戏团之动物饼干.HD.720p.国英双语中字.mkv
青年马克思,2017,法国/比利时/德国,剧情/传记/历史,6.5,ftp://ygdy8:ygdy8@yg45.dydytt.net:8274/阳光电影www.ygdy8.com.青年马克思.BD.720p.国德双语中字.mkv
斗牛犬之女,2016,Poland,剧情/动作/犯罪,6.7,ftp://ygdy8:ygdy8@yg90.dydytt.net:8380/阳光电影www.ygdy8.com.斗牛犬之女.BD.720p.中英双字幕.mkv
我的宝贝在哪里,2018,美国,喜剧,5.7,ftp://ygdy8:ygdy8@yg45.dydytt.net:3129/阳光电影www.ygdy8.com.我的宝贝在哪里.BD.720p.中英双字幕.mkv
炼狱信使,2017,英国/法国,剧情/动作,0,ftp://ygdy8:ygdy8@yg45.dydytt.net:8272/阳光电影www.ygdy8.com.炼狱信使.BD.720p.中英双字幕.mkv
我朋友是杀人狂,2017,美国,剧情/传记/犯罪/惊悚/恐怖,6.7,ftp://ygdy8:ygdy8@yg45.dydytt.net:7272/阳光电影www.ygdy8.com.我朋友是杀人狂.BD.720p.中英双字幕.mkv
根西岛文学与土豆皮馅饼俱乐部,2018,英国/美国,剧情/历史/爱情,7.0,ftp://ygdy8:ygdy8@yg90.dydytt.net:8378/阳光电影www.ygdy8.com.真爱收信中.BD.720p.中英双字幕.mkv
The Bravest Escort Group,2018,中国,动作/古装,0,ftp://ygdy8:ygdy8@yg72.dydytt.net:8263/阳光电影www.ygdy8.com.天下第一镖局.HD.720p.国语中字.mkv
金蝉脱壳2,2018,美国/中国,动作/惊悚,4.0,ftp://ygdy8:ygdy8@yg90.dydytt.net:8377/阳光电影www.ygdy8.com.金蝉脱壳2.BD.720p.国英双语双字.mkv
零号病人,2018,英国,动作/科幻/恐怖,4.5,ftp://ygdy8:ygdy8@yg45.dydytt.net:8271/阳光电影www.ygdy8.com.零号病人.BD.720p.中英双字幕.mkv
遗传厄运,2018,美国,悬疑/恐怖,7.5,ftp://ygdy8:ygdy8@yg45.dydytt.net:8270/阳光电影www.ygdy8.com.遗传厄运.BD.720p.中英双字幕.mkv
瞒天过海：美人计,2018,美国,喜剧/犯罪,7.1,ftp://ygdy8:ygdy8@yg45.dydytt.net:3126/阳光电影www.ygdy8.com.瞒天过海：美人计.BD.720p.中英双字幕.mkv
美国动物,2018,英国/美国,剧情/犯罪,7.5,ftp://ygdy8:ygdy8@yg90.dydytt.net:8374/阳光电影www.ygdy8.com.美国动物.BD.720p.中英双字幕.mkv
升级,2018,澳大利亚,动作/科幻/惊悚,7.9,ftp://ygdy8:ygdy8@yg72.dydytt.net:8259/阳光电影www.ygdy8.com.升级.BD.720p.中英双字幕.mkv
抓人游戏,2018,美国,喜剧,6.3,ftp://ygdy8:ygdy8@yg45.dydytt.net:8265/阳光电影www.ygdy8.com.抓人游戏.BD.720p.中英双字幕.mkv
惊涛飓浪,2018,美国,爱情/灾难/剧情,7.1,ftp://ygdy8:ygdy8@yg45.dydytt.net:7264/阳光电影www.ygdy8.com.惊涛飓浪.BD.720p.中英双字幕.mkv
死侍2,2018,美国,喜剧/动作/科幻/冒险,7.9,ftp://ygdy8:ygdy8@yg45.dydytt.net:3123/阳光电影www.ygdy8.com.死侍2未分级加长版.BD.720p.中英双字幕.mkv
的士速递5,2018,法国,喜剧/动作/犯罪,6.0,ftp://ygdy8:ygdy8@yg45.dydytt.net:3122/阳光电影www.ygdy8.com.的士速递5.BD.720p.法语中字.mkv
肆式青春,2018,日本/中国,动画,6.0,ftp://ygdy8:ygdy8@yg45.dydytt.net:8258/阳光电影www.ygdy8.com.肆式青春.BD.720p.国日双语双字.mkv
The Unity Of Heros,2018,中国,动作/武侠,4.7,ftp://ygdy8:ygdy8@yg45.dydytt.net:3119/阳光电影www.ygdy8.com.黄飞鸿之南北英雄.BD.720p.国粤双语中字.mkv
The Leaker,2018,中国香港,剧情/犯罪/惊悚,5.6,ftp://ygdy8:ygdy8@yg90.dydytt.net:8367/阳光电影www.ygdy8.com.泄密者.BD.720p.国粤双语中字.mkv
复仇者联盟3：无限战争,2018,美国,动作/科幻/奇幻/冒险,8.2,ftp://ygdy8:ygdy8@yg45.dydytt.net:3118/阳光电影www.ygdy8.com.复仇者联盟3：无限战争.BD.720p.国英双语双字.mkv
乐高DC超级英雄：亚特兰蒂斯之怒,2018,美国,动画,6.6,ftp://ygdy8:ygdy8@yg45.dydytt.net:5043/阳光电影www.ygdy8.com.乐高DC超级英雄：亚特兰蒂斯之怒.BD.720p.中英双字幕.mkv
超人之死,2018,美国,动作/科幻/动画,7.5,ftp://ygdy8:ygdy8@yg45.dydytt.net:4085/阳光电影www.ygdy8.com.超人之死.BD.720p.中英双字幕.mkv
复仇者联盟3：无限战争,2018,美国,动作/科幻/奇幻/冒险,8.2,ftp://ygdy8:ygdy8@yg45.dydytt.net:3117/阳光电影www.ygdy8.com.复仇者联盟3：无限战争.HD.720p.中英双字幕.rmvb
在切瑟尔海滩上,2018,英国,剧情/爱情,7.3,ftp://ygdy8:ygdy8@yg45.dydytt.net:8253/阳光电影www.ygdy8.com.在切瑟尔海滩上.BD.720p.中英双字幕.mkv
